TimeGenerated [UTC],DeviceName,ActionType,AccountName,RemoteIP,login_count
"4/2/2025, 3:33:10.188 AM",windows-target-1,LogonFailed,administrator,REDACTED IP,1
"4/2/2025, 3:33:12.820 AM",windows-target-1,LogonFailed,admin,REDACTED IP,1
"4/2/2025, 3:33:12.980 AM",windows-target-1,LogonFailed,vpsadm,REDACTED IP,1
"4/2/2025, 3:33:13.868 AM",windows-target-1,LogonFailed,administrator,REDACTED IP,1
"4/2/2025, 3:33:17.700 AM",windows-target-1,LogonFailed,administrator,REDACTED IP,1
"4/2/2025, 3:33:17.780 AM",windows-target-1,LogonFailed,admin,REDACTED IP,1
"4/2/2025, 3:33:21.536 AM",windows-target-1,LogonFailed,administrator,REDACTED IP,1
"4/2/2025, 3:33:22.990 AM",windows-target-1,LogonFailed,target,REDACTED IP,1
"4/2/2025, 3:33:24.674 AM",windows-target-1,LogonFailed,admin,REDACTED IP,1
"4/2/2025, 3:33:28.143 AM",windows-target-1,LogonFailed,admin,REDACTED IP,1
"4/2/2025, 3:33:28.939 AM",windows-target-1,LogonFailed,administrator,REDACTED IP,1
"4/2/2025, 3:33:29.460 AM",windows-target-1,LogonFailed,administrator,REDACTED IP,1
"4/2/2025, 3:33:32.939 AM",windows-target-1,LogonFailed,crm,REDACTED IP,1
"4/2/2025, 3:33:34.128 AM",windows-target-1,LogonFailed,administrator,REDACTED IP,1
"4/2/2025, 3:33:35.045 AM",windows-target-1,LogonFailed,admin,REDACTED IP,1
"4/2/2025, 3:33:36.390 AM",windows-target-1,LogonFailed,administrator,REDACTED IP,1
"4/2/2025, 3:33:38.739 AM",windows-target-1,LogonFailed,administrator,REDACTED IP,1
"4/2/2025, 3:33:42.377 AM",windows-target-1,LogonFailed,admin,REDACTED IP,1
"4/2/2025, 3:33:42.586 AM",windows-target-1,LogonFailed,user,REDACTED IP,1
"4/2/2025, 3:33:43.715 AM",windows-target-1,LogonFailed,administrator,REDACTED IP,1
"4/2/2025, 3:33:46.925 AM",windows-target-1,LogonFailed,admin,REDACTED IP,1
"4/2/2025, 3:33:51.164 AM",windows-target-1,LogonFailed,administrator,REDACTED IP,1
"4/2/2025, 3:33:52.552 AM",windows-target-1,LogonFailed,admin,REDACTED IP,1
"4/2/2025, 3:33:52.579 AM",windows-target-1,LogonFailed,makis,REDACTED IP,1
"4/2/2025, 3:33:54.458 AM",windows-target-1,LogonFailed,administrator,REDACTED IP,1
"4/2/2025, 3:33:56.333 AM",windows-target-1,LogonFailed,administrator,REDACTED IP,1
"4/2/2025, 3:33:57.942 AM",windows-target-1,LogonFailed,administrator,REDACTED IP,1
"4/2/2025, 3:33:59.728 AM",windows-target-1,LogonFailed,admin,REDACTED IP,1
"4/2/2025, 3:34:01.163 AM",windows-target-1,LogonFailed,administrator,REDACTED IP,1
"4/2/2025, 3:34:03.522 AM",windows-target-1,LogonFailed,administrator,REDACTED IP,1
"4/2/2025, 3:34:04.093 AM",windows-target-1,LogonFailed,user,REDACTED IP,1
"4/2/2025, 3:34:11.952 AM",windows-target-1,LogonFailed,bestjeannot,REDACTED IP,1
"4/2/2025, 3:34:12.869 AM",windows-target-1,LogonFailed,administrator,REDACTED IP,1
"4/2/2025, 3:34:16.234 AM",windows-target-1,LogonFailed,admin,REDACTED IP,1
"4/2/2025, 3:34:18.990 AM",windows-target-1,LogonFailed,admin,REDACTED IP,1
"4/2/2025, 3:34:19.078 AM",windows-target-1,LogonFailed,administrator,REDACTED IP,1
"4/2/2025, 3:34:23.446 AM",windows-target-1,LogonFailed,administrator,REDACTED IP,1
"4/2/2025, 3:34:26.638 AM",windows-target-1,LogonFailed,admin,REDACTED IP,1
"4/2/2025, 3:34:26.658 AM",windows-target-1,LogonFailed,admin,REDACTED IP,1
"4/2/2025, 3:34:31.096 AM",windows-target-1,LogonFailed,admin,REDACTED IP,1
"4/2/2025, 3:34:32.297 AM",windows-target-1,LogonFailed,axum,REDACTED IP,1
"4/2/2025, 3:34:36.109 AM",windows-target-1,LogonFailed,administrator,REDACTED IP,1
"4/2/2025, 3:38:10.603 AM",windows-target-1,LogonFailed,admin,REDACTED IP,1
"4/2/2025, 3:38:11.218 AM",windows-target-1,LogonFailed,statistik-login,REDACTED IP,1
"4/2/2025, 3:38:12.165 AM",windows-target-1,LogonFailed,administrator,REDACTED IP,1
"4/2/2025, 3:38:14.002 AM",windows-target-1,LogonFailed,administrator,REDACTED IP,1
"4/2/2025, 3:38:15.181 AM",windows-target-1,LogonFailed,administrator,REDACTED IP,1
"4/2/2025, 3:38:15.808 AM",windows-target-1,LogonFailed,admin,REDACTED IP,1
"4/2/2025, 3:38:16.397 AM",windows-target-1,LogonFailed,admin,REDACTED IP,1
"4/2/2025, 3:38:20.373 AM",windows-target-1,LogonFailed,administrator,REDACTED IP,1
"4/2/2025, 3:38:21.509 AM",windows-target-1,LogonFailed,administrator,REDACTED IP,1
"4/2/2025, 3:38:22.068 AM",windows-target-1,LogonFailed,admin,REDACTED IP,1
"4/2/2025, 3:38:25.822 AM",windows-target-1,LogonFailed,administrator,REDACTED IP,1
"4/2/2025, 3:38:29.129 AM",windows-target-1,LogonFailed,admin,REDACTED IP,1
"4/2/2025, 3:38:31.128 AM",windows-target-1,LogonFailed,alvaro,REDACTED IP,1
"4/2/2025, 3:38:31.172 AM",windows-target-1,LogonFailed,admin,REDACTED IP,1
"4/2/2025, 3:38:32.902 AM",windows-target-1,LogonFailed,admin,REDACTED IP,1
"4/2/2025, 3:38:38.116 AM",windows-target-1,LogonFailed,administrator,REDACTED IP,1
"4/2/2025, 3:38:41.151 AM",windows-target-1,LogonFailed,admin,REDACTED IP,1
"4/2/2025, 3:38:41.178 AM",windows-target-1,LogonFailed,administrator,REDACTED IP,1
"4/2/2025, 3:38:42.031 AM",windows-target-1,LogonFailed,administrator,REDACTED IP,1
"4/2/2025, 3:38:43.942 AM",windows-target-1,LogonFailed,guest,REDACTED IP,1
"4/2/2025, 3:38:47.144 AM",windows-target-1,LogonFailed,admin,REDACTED IP,1
"4/2/2025, 3:38:47.354 AM",windows-target-1,LogonFailed,administrator,REDACTED IP,1
"4/2/2025, 3:38:49.069 AM",windows-target-1,LogonFailed,administrator,REDACTED IP,1
"4/2/2025, 3:38:49.606 AM",windows-target-1,LogonFailed,administrator,REDACTED IP,1
"4/2/2025, 3:38:50.131 AM",windows-target-1,LogonFailed,mild,REDACTED IP,1
"4/2/2025, 3:38:52.285 AM",windows-target-1,LogonFailed,administrator,REDACTED IP,1
"4/2/2025, 3:38:53.988 AM",windows-target-1,LogonFailed,admin,REDACTED IP,1
"4/2/2025, 3:38:54.788 AM",windows-target-1,LogonFailed,administrator,REDACTED IP,1
"4/2/2025, 3:39:04.370 AM",windows-target-1,LogonFailed,administrator,REDACTED IP,1
"4/2/2025, 3:39:04.936 AM",windows-target-1,LogonFailed,admin,REDACTED IP,1
"4/2/2025, 3:39:06.888 AM",windows-target-1,LogonFailed,administrator,REDACTED IP,1
"4/2/2025, 3:39:08.881 AM",windows-target-1,LogonFailed,test,REDACTED IP,1
"4/2/2025, 3:43:10.331 AM",windows-target-1,LogonFailed,mentes,REDACTED IP,1
"4/2/2025, 3:43:11.580 AM",windows-target-1,LogonFailed,admin,REDACTED IP,1
"4/2/2025, 3:43:17.437 AM",windows-target-1,LogonFailed,admin,REDACTED IP,1
"4/2/2025, 3:43:19.250 AM",windows-target-1,LogonFailed,administrator,REDACTED IP,1
"4/2/2025, 3:43:22.779 AM",windows-target-1,LogonFailed,admin,REDACTED IP,1
"4/2/2025, 3:43:27.785 AM",windows-target-1,LogonFailed,admin,REDACTED IP,1
"4/2/2025, 3:43:30.513 AM",windows-target-1,LogonFailed,direkte,REDACTED IP,1
"4/2/2025, 3:43:31.893 AM",windows-target-1,LogonFailed,administrator,REDACTED IP,1
"4/2/2025, 3:43:42.316 AM",windows-target-1,LogonFailed,administrator,REDACTED IP,1
"4/2/2025, 3:43:44.687 AM",windows-target-1,LogonFailed,administrator,REDACTED IP,1
"4/2/2025, 3:43:46.469 AM",windows-target-1,LogonFailed,administrator,REDACTED IP,1
"4/2/2025, 3:43:46.854 AM",windows-target-1,LogonFailed,administrator,REDACTED IP,1
"4/2/2025, 3:43:48.604 AM",windows-target-1,LogonFailed,rwintie,REDACTED IP,1
"4/2/2025, 3:43:49.246 AM",windows-target-1,LogonFailed,admin,REDACTED IP,1
"4/2/2025, 3:43:50.534 AM",windows-target-1,LogonFailed,team,REDACTED IP,1
"4/2/2025, 3:43:52.636 AM",windows-target-1,LogonFailed,admin,REDACTED IP,1
"4/2/2025, 3:43:54.679 AM",windows-target-1,LogonFailed,administrator,REDACTED IP,1
"4/2/2025, 3:43:56.061 AM",windows-target-1,LogonFailed,admin,REDACTED IP,1
"4/2/2025, 3:43:59.060 AM",windows-target-1,LogonFailed,administrator,REDACTED IP,1
"4/2/2025, 3:44:00.223 AM",windows-target-1,LogonFailed,admin,REDACTED IP,1
"4/2/2025, 3:44:01.574 AM",windows-target-1,LogonFailed,administrator,REDACTED IP,1
"4/2/2025, 3:44:01.841 AM",windows-target-1,LogonFailed,administrator,REDACTED IP,1
"4/2/2025, 3:44:08.125 AM",windows-target-1,LogonFailed,admin,REDACTED IP,1
"4/2/2025, 3:44:09.882 AM",windows-target-1,LogonFailed,in:j,REDACTED IP,1
"4/2/2025, 3:44:14.955 AM",windows-target-1,LogonFailed,administrator,REDACTED IP,1
"4/2/2025, 3:44:16.586 AM",windows-target-1,LogonFailed,admin,REDACTED IP,1
"3/29/2025, 3:32:49.122 AM",windows-target-1,LogonFailed,debora,REDACTED IP,1
"3/29/2025, 3:32:51.246 AM",windows-target-1,LogonFailed,babylone3,REDACTED IP,1
"3/29/2025, 3:32:54.070 AM",windows-target-1,LogonFailed,admin,REDACTED IP,1
"3/29/2025, 3:33:00.574 AM",windows-target-1,LogonFailed,administrator,REDACTED IP,1
"3/29/2025, 3:33:02.956 AM",windows-target-1,LogonFailed,administrator,REDACTED IP,1
"3/29/2025, 3:33:03.055 AM",windows-target-1,LogonFailed,sonia,REDACTED IP,1
"3/29/2025, 3:33:03.216 AM",windows-target-1,LogonFailed,administrator,REDACTED IP,1
"3/29/2025, 3:33:03.343 AM",windows-target-1,LogonFailed,administrator,REDACTED IP,1
"3/29/2025, 3:33:07.815 AM",windows-target-1,LogonFailed,administrator,REDACTED IP,1
"3/29/2025, 3:33:10.269 AM",windows-target-1,LogonFailed,administrator,REDACTED IP,1
"3/29/2025, 3:33:12.582 AM",windows-target-1,LogonFailed,administrator,REDACTED IP,1
"3/29/2025, 3:33:13.643 AM",windows-target-1,LogonFailed,administrator,REDACTED IP,1
"3/29/2025, 3:33:14.660 AM",windows-target-1,LogonFailed,administrator,REDACTED IP,1
"3/29/2025, 3:33:22.300 AM",windows-target-1,LogonFailed,administrator,REDACTED IP,1
"3/29/2025, 3:33:24.528 AM",windows-target-1,LogonFailed,administrator,REDACTED IP,1
"3/29/2025, 3:33:25.800 AM",windows-target-1,LogonFailed,administrator,REDACTED IP,1
"3/29/2025, 3:33:27.736 AM",windows-target-1,LogonFailed,administrator,REDACTED IP,1
"3/29/2025, 3:33:35.387 AM",windows-target-1,LogonFailed,administrator,REDACTED IP,1
"3/29/2025, 3:33:43.627 AM",windows-target-1,LogonFailed,administrator,REDACTED IP,1
"3/29/2025, 3:33:48.486 AM",windows-target-1,LogonFailed,administrator,REDACTED IP,1
"3/29/2025, 3:33:49.486 AM",windows-target-1,LogonFailed,administrator,REDACTED IP,1
"3/29/2025, 3:33:50.278 AM",windows-target-1,LogonFailed,serveradmin,REDACTED IP,1
"3/29/2025, 3:33:50.557 AM",windows-target-1,LogonFailed,administrator,REDACTED IP,1
"3/29/2025, 3:33:50.611 AM",windows-target-1,LogonFailed,administrator,REDACTED IP,1
"3/29/2025, 3:33:50.939 AM",windows-target-1,LogonFailed,administrator,REDACTED IP,1
"3/29/2025, 3:33:52.267 AM",windows-target-1,LogonFailed,administrator,REDACTED IP,1
"3/29/2025, 3:33:53.934 AM",windows-target-1,LogonFailed,todd,REDACTED IP,1
"3/29/2025, 3:33:54.749 AM",windows-target-1,LogonFailed,administrator,REDACTED IP,1
"3/29/2025, 3:33:58.077 AM",windows-target-1,LogonFailed,administrator,REDACTED IP,1
"3/29/2025, 3:34:08.051 AM",windows-target-1,LogonFailed,administrator,REDACTED IP,1
"3/29/2025, 3:34:10.860 AM",windows-target-1,LogonFailed,administrator,REDACTED IP,1
"3/29/2025, 3:34:12.117 AM",windows-target-1,LogonFailed,administrator,REDACTED IP,1
"3/29/2025, 3:34:17.794 AM",windows-target-1,LogonFailed,administrator,REDACTED IP,1
"3/29/2025, 3:34:18.819 AM",windows-target-1,LogonFailed,administrator,REDACTED IP,1
"3/29/2025, 3:34:19.217 AM",windows-target-1,LogonFailed,administrator,REDACTED IP,1
"3/29/2025, 3:34:23.766 AM",windows-target-1,LogonFailed,administrator,REDACTED IP,1
"3/29/2025, 3:34:25.398 AM",windows-target-1,LogonFailed,administrator,REDACTED IP,1
"3/29/2025, 3:34:25.423 AM",windows-target-1,LogonFailed,administrator,REDACTED IP,1
"3/29/2025, 3:34:25.923 AM",windows-target-1,LogonFailed,administrator,REDACTED IP,1
"3/29/2025, 3:34:28.626 AM",windows-target-1,LogonFailed,administrator,REDACTED IP,1
"3/29/2025, 3:34:28.797 AM",windows-target-1,LogonFailed,administrator,REDACTED IP,1
"3/29/2025, 3:34:32.360 AM",windows-target-1,LogonFailed,administrator,REDACTED IP,1
"3/29/2025, 3:37:49.371 AM",windows-target-1,LogonFailed,administrator,REDACTED IP,1
"3/29/2025, 3:37:57.307 AM",windows-target-1,LogonFailed,puac,REDACTED IP,1
"3/29/2025, 3:37:57.605 AM",windows-target-1,LogonFailed,administrator,REDACTED IP,1
"3/29/2025, 3:37:58.474 AM",windows-target-1,LogonFailed,administrator,REDACTED IP,1
"3/29/2025, 3:38:01.700 AM",windows-target-1,LogonFailed,administrator,REDACTED IP,1
"3/29/2025, 3:38:01.777 AM",windows-target-1,LogonFailed,administrator,REDACTED IP,1
"3/29/2025, 3:38:04.651 AM",windows-target-1,LogonFailed,administrator,REDACTED IP,1
"3/29/2025, 3:38:05.665 AM",windows-target-1,LogonFailed,administrator,REDACTED IP,1
"3/29/2025, 3:38:06.651 AM",windows-target-1,LogonFailed,administrator,REDACTED IP,1
"3/29/2025, 3:38:07.932 AM",windows-target-1,LogonFailed,administrator,REDACTED IP,1
"3/29/2025, 3:38:08.184 AM",windows-target-1,LogonFailed,administrator,REDACTED IP,1
"3/29/2025, 3:38:08.391 AM",windows-target-1,LogonFailed,administrator,REDACTED IP,1
"3/29/2025, 3:38:08.860 AM",windows-target-1,LogonFailed,administrator,REDACTED IP,1
"3/29/2025, 3:38:09.698 AM",windows-target-1,LogonFailed,administrator,REDACTED IP,1
"3/29/2025, 3:38:10.556 AM",windows-target-1,LogonFailed,administrator,REDACTED IP,1
"3/29/2025, 3:38:14.026 AM",windows-target-1,LogonFailed,administrator,REDACTED IP,1
"3/29/2025, 3:38:34.970 AM",windows-target-1,LogonFailed,lincoln,REDACTED IP,1
"3/29/2025, 3:38:34.985 AM",windows-target-1,LogonFailed,lincoln,REDACTED IP,1
"3/29/2025, 3:38:48.424 AM",windows-target-1,LogonFailed,administrator,REDACTED IP,1
"3/29/2025, 3:38:55.087 AM",windows-target-1,LogonFailed,administrator,REDACTED IP,1
"3/29/2025, 3:38:59.765 AM",windows-target-1,LogonFailed,jyzd,REDACTED IP,1
"3/29/2025, 3:39:06.977 AM",windows-target-1,LogonFailed,dean,REDACTED IP,1
"3/29/2025, 3:39:16.167 AM",windows-target-1,LogonFailed,administrator,REDACTED IP,1
"3/29/2025, 3:39:18.800 AM",windows-target-1,LogonFailed,rastreo,REDACTED IP,1
"3/29/2025, 3:39:28.784 AM",windows-target-1,LogonFailed,default,REDACTED IP,1
"3/29/2025, 3:39:32.197 AM",windows-target-1,LogonFailed,localgroup,REDACTED IP,1
"3/29/2025, 3:39:38.124 AM",windows-target-1,LogonFailed,administrator,REDACTED IP,1
"3/29/2025, 3:39:41.227 AM",windows-target-1,LogonFailed,administrator,REDACTED IP,1
"3/29/2025, 3:39:45.004 AM",windows-target-1,LogonFailed,administrator,REDACTED IP,1
"3/29/2025, 3:39:46.831 AM",windows-target-1,LogonFailed,administrator,REDACTED IP,1
"3/29/2025, 3:39:57.769 AM",windows-target-1,LogonFailed,judy,REDACTED IP,1
"3/29/2025, 3:39:58.358 AM",windows-target-1,LogonFailed,administrateur,REDACTED IP,1
"3/29/2025, 3:42:54.893 AM",windows-target-1,LogonFailed,support,REDACTED IP,1
"3/29/2025, 3:43:06.355 AM",windows-target-1,LogonFailed,administrator,REDACTED IP,1
"3/29/2025, 3:43:12.521 AM",windows-target-1,LogonFailed,administrator,REDACTED IP,1
"3/29/2025, 3:43:20.709 AM",windows-target-1,LogonFailed,lichfield,REDACTED IP,1
"3/29/2025, 3:43:20.713 AM",windows-target-1,LogonFailed,lichfield,REDACTED IP,1
"3/29/2025, 3:43:29.929 AM",windows-target-1,LogonFailed,administrateur,REDACTED IP,1
"3/29/2025, 3:43:48.440 AM",windows-target-1,LogonFailed,administrator,REDACTED IP,1
"3/29/2025, 3:43:53.440 AM",windows-target-1,LogonFailed,temp,REDACTED IP,1
"3/29/2025, 3:43:55.899 AM",windows-target-1,LogonFailed,administrator,REDACTED IP,1
"3/29/2025, 3:44:01.278 AM",windows-target-1,LogonFailed,administrator,REDACTED IP,1
"3/29/2025, 3:44:09.067 AM",windows-target-1,LogonFailed,acronis agent user,REDACTED IP,1
"3/29/2025, 3:44:33.428 AM",windows-target-1,LogonFailed,wtamanager,REDACTED IP,1
"3/29/2025, 3:44:45.837 AM",windows-target-1,LogonFailed,administrator,REDACTED IP,1
"3/29/2025, 3:44:51.757 AM",windows-target-1,LogonFailed,administrator,REDACTED IP,1
"3/29/2025, 3:45:02.491 AM",windows-target-1,LogonFailed,administrator,REDACTED IP,1
"3/29/2025, 3:45:36.776 AM",windows-target-1,LogonFailed,administrator,REDACTED IP,1
"3/29/2025, 3:45:50.955 AM",windows-target-1,LogonFailed,administrator,REDACTED IP,1
"3/29/2025, 3:45:54.432 AM",windows-target-1,LogonFailed,administrator,REDACTED IP,1
"3/29/2025, 3:45:57.379 AM",windows-target-1,LogonFailed,administrator,REDACTED IP,1
"3/29/2025, 3:46:05.581 AM",windows-target-1,LogonFailed,newuser,REDACTED IP,1
"3/29/2025, 3:46:12.858 AM",windows-target-1,LogonFailed,office,REDACTED IP,1
"3/29/2025, 3:46:20.052 AM",windows-target-1,LogonFailed,defaultaccount,REDACTED IP,1
"3/29/2025, 3:46:21.369 AM",windows-target-1,LogonFailed,administrateur,REDACTED IP,1
"3/29/2025, 3:46:40.348 AM",windows-target-1,LogonFailed,administrator,REDACTED IP,1
"3/29/2025, 3:46:47.425 AM",windows-target-1,LogonFailed,administrator,REDACTED IP,1
"3/29/2025, 3:46:50.809 AM",windows-target-1,LogonFailed,sterling,REDACTED IP,1
"3/16/2025, 9:46:26.762 PM",windows-target-1,LogonFailed,administrator,REDACTED IP,1
"3/16/2025, 9:46:28.060 PM",windows-target-1,LogonFailed,administrator,REDACTED IP,1
"3/16/2025, 9:46:34.977 PM",windows-target-1,LogonFailed,administrator,REDACTED IP,1
"3/16/2025, 9:46:41.842 PM",windows-target-1,LogonFailed,administrator,REDACTED IP,1
"3/16/2025, 9:46:50.227 PM",windows-target-1,LogonFailed,administrator,REDACTED IP,1
"3/16/2025, 9:46:50.658 PM",windows-target-1,LogonFailed,administrator,REDACTED IP,1
"3/16/2025, 9:46:53.166 PM",windows-target-1,LogonFailed,administrator,REDACTED IP,1
"3/16/2025, 9:46:53.348 PM",windows-target-1,LogonFailed,administrator,REDACTED IP,1
"3/16/2025, 9:47:07.133 PM",windows-target-1,LogonFailed,administrator,REDACTED IP,1
"3/16/2025, 9:47:09.399 PM",windows-target-1,LogonFailed,administrator,REDACTED IP,1
"3/16/2025, 9:47:19.282 PM",windows-target-1,LogonFailed,administrator,REDACTED IP,1
"3/16/2025, 9:47:20.633 PM",windows-target-1,LogonFailed,administrator,REDACTED IP,1
"3/16/2025, 9:47:23.634 PM",windows-target-1,LogonFailed,administrator,REDACTED IP,1
"3/16/2025, 9:47:33.070 PM",windows-target-1,LogonFailed,administrator,REDACTED IP,1
"3/16/2025, 9:47:37.477 PM",windows-target-1,LogonFailed,administrator,REDACTED IP,1
"3/16/2025, 9:47:38.759 PM",windows-target-1,LogonFailed,administrator,REDACTED IP,1
"3/16/2025, 9:47:45.296 PM",windows-target-1,LogonFailed,administrator,REDACTED IP,1
"3/16/2025, 9:47:46.212 PM",windows-target-1,LogonFailed,administrator,REDACTED IP,1
"3/16/2025, 9:47:53.309 PM",windows-target-1,LogonFailed,administrator,REDACTED IP,1
"3/16/2025, 9:47:58.085 PM",windows-target-1,LogonFailed,administrator,REDACTED IP,1
"3/16/2025, 9:48:08.874 PM",windows-target-1,LogonFailed,administrator,REDACTED IP,1
"3/16/2025, 9:48:09.529 PM",windows-target-1,LogonFailed,admin,REDACTED IP,1
"3/16/2025, 9:48:11.889 PM",windows-target-1,LogonFailed,administrator,REDACTED IP,1
"3/16/2025, 9:48:22.826 PM",windows-target-1,LogonFailed,administrator,REDACTED IP,1
"3/16/2025, 9:48:24.624 PM",windows-target-1,LogonFailed,administrator,REDACTED IP,1
"3/16/2025, 9:48:26.607 PM",windows-target-1,LogonFailed,administrator,REDACTED IP,1
"3/16/2025, 9:48:36.598 PM",windows-target-1,LogonFailed,administrator,REDACTED IP,1
"3/16/2025, 9:48:40.117 PM",windows-target-1,LogonFailed,administrator,REDACTED IP,1
"3/16/2025, 9:48:45.690 PM",windows-target-1,LogonFailed,administrator,REDACTED IP,1
"3/16/2025, 9:48:47.600 PM",windows-target-1,LogonFailed,administrator,REDACTED IP,1
"3/16/2025, 9:48:50.142 PM",windows-target-1,LogonFailed,administrator,REDACTED IP,1
"3/16/2025, 9:48:54.959 PM",windows-target-1,LogonFailed,administrator,REDACTED IP,1
"3/16/2025, 9:48:56.786 PM",windows-target-1,LogonFailed,administrator,REDACTED IP,1
"3/16/2025, 9:49:01.049 PM",windows-target-1,LogonFailed,administrator,REDACTED IP,1
"3/16/2025, 9:49:10.645 PM",windows-target-1,LogonFailed,administrator,REDACTED IP,1
"3/16/2025, 9:49:12.171 PM",windows-target-1,LogonFailed,administrator,REDACTED IP,1
"3/16/2025, 9:49:20.632 PM",windows-target-1,LogonFailed,administrator,REDACTED IP,1
"3/16/2025, 9:49:23.922 PM",windows-target-1,LogonFailed,administrator,REDACTED IP,1
"3/16/2025, 9:49:25.977 PM",windows-target-1,LogonFailed,administrator,REDACTED IP,1
"3/16/2025, 9:49:29.403 PM",windows-target-1,LogonFailed,admin,REDACTED IP,1
"3/16/2025, 9:49:35.969 PM",windows-target-1,LogonFailed,administrator,REDACTED IP,1
"3/16/2025, 9:49:37.408 PM",windows-target-1,LogonFailed,administrator,REDACTED IP,1
"3/16/2025, 9:49:43.068 PM",windows-target-1,LogonFailed,administrator,REDACTED IP,1
"3/16/2025, 9:49:46.731 PM",windows-target-1,LogonFailed,administrator,REDACTED IP,1
"3/16/2025, 9:49:47.291 PM",windows-target-1,LogonFailed,administrator,REDACTED IP,1
"3/16/2025, 9:49:50.863 PM",windows-target-1,LogonFailed,administrator,REDACTED IP,1
"3/16/2025, 9:50:02.424 PM",windows-target-1,LogonFailed,administrator,REDACTED IP,1
"3/16/2025, 9:50:02.890 PM",windows-target-1,LogonFailed,administrator,REDACTED IP,1
"3/16/2025, 9:50:12.557 PM",windows-target-1,LogonFailed,auditor1,REDACTED IP,1
"3/16/2025, 9:50:15.941 PM",windows-target-1,LogonFailed,administrator,REDACTED IP,1
"3/16/2025, 9:50:18.530 PM",windows-target-1,LogonFailed,administrator,REDACTED IP,1
"3/16/2025, 9:50:29.365 PM",windows-target-1,LogonFailed,administrator,REDACTED IP,1
"3/16/2025, 9:50:29.976 PM",windows-target-1,LogonFailed,administrator,REDACTED IP,1
"3/16/2025, 9:50:58.532 PM",windows-target-1,LogonFailed,administrator,REDACTED IP,1
"3/16/2025, 9:51:05.041 PM",windows-target-1,LogonFailed,administrator,REDACTED IP,1
"3/16/2025, 9:51:19.633 PM",windows-target-1,LogonFailed,administrator,REDACTED IP,1
"3/16/2025, 9:51:31.218 PM",windows-target-1,LogonFailed,admin,REDACTED IP,1
"3/16/2025, 9:51:45.082 PM",windows-target-1,LogonFailed,administrator,REDACTED IP,1
"3/16/2025, 9:52:05.297 PM",windows-target-1,LogonFailed,auditor2,REDACTED IP,1
"3/16/2025, 9:52:09.405 PM",windows-target-1,LogonFailed,administrator,REDACTED IP,1
"3/16/2025, 9:52:28.716 PM",windows-target-1,LogonFailed,administrator,REDACTED IP,1
"3/16/2025, 9:53:18.672 PM",windows-target-1,LogonFailed,administrator,REDACTED IP,1
"3/16/2025, 9:53:49.642 PM",windows-target-1,LogonFailed,administrator,REDACTED IP,1
"3/16/2025, 9:54:22.222 PM",windows-target-1,LogonFailed,administrator,REDACTED IP,1
"3/16/2025, 9:54:37.783 PM",windows-target-1,LogonFailed,admin,REDACTED IP,1
"3/16/2025, 9:54:46.631 PM",windows-target-1,LogonFailed,administrator,REDACTED IP,1
"3/16/2025, 9:55:08.144 PM",windows-target-1,LogonFailed,administrator,REDACTED IP,1
"3/16/2025, 9:55:47.154 PM",windows-target-1,LogonFailed,sales,REDACTED IP,1
"3/16/2025, 9:55:51.261 PM",windows-target-1,LogonFailed,avv,REDACTED IP,1
"3/16/2025, 9:55:57.775 PM",windows-target-1,LogonFailed,administrator,REDACTED IP,1
"3/16/2025, 9:56:47.452 PM",windows-target-1,LogonFailed,administrator,REDACTED IP,1
"3/16/2025, 9:57:06.395 PM",windows-target-1,LogonFailed,administrator,REDACTED IP,1
"3/16/2025, 9:57:47.926 PM",windows-target-1,LogonFailed,administrator,REDACTED IP,1
"3/16/2025, 9:58:00.720 PM",windows-target-1,LogonFailed,administrator,REDACTED IP,1
"3/16/2025, 9:58:24.911 PM",windows-target-1,LogonFailed,administrator,REDACTED IP,1
"3/16/2025, 9:58:46.532 PM",windows-target-1,LogonFailed,administrator,REDACTED IP,1
"3/16/2025, 9:59:37.678 PM",windows-target-1,LogonFailed,awsuser,REDACTED IP,1
"3/16/2025, 9:59:38.058 PM",windows-target-1,LogonFailed,administrator,REDACTED IP,1
"3/16/2025, 9:59:38.871 PM",windows-target-1,LogonFailed,administrator,REDACTED IP,1
"3/16/2025, 9:59:39.844 PM",windows-target-1,LogonFailed,administrator,REDACTED IP,1
"3/16/2025, 9:59:40.171 PM",windows-target-1,LogonFailed,admin,REDACTED IP,1
"3/16/2025, 9:59:58.034 PM",windows-target-1,LogonFailed,user4,REDACTED IP,1
"3/16/2025, 10:00:08.905 PM",windows-target-1,LogonFailed,administrator,REDACTED IP,1
"3/16/2025, 10:00:09.383 PM",windows-target-1,LogonFailed,administrator,REDACTED IP,1
"3/16/2025, 10:00:30.091 PM",windows-target-1,LogonFailed,administrator,REDACTED IP,1
"3/16/2025, 10:01:36.397 PM",windows-target-1,LogonFailed,admin,REDACTED IP,1
"3/16/2025, 10:01:48.124 PM",windows-target-1,LogonFailed,administrator,REDACTED IP,1
"3/16/2025, 10:01:54.713 PM",windows-target-1,LogonFailed,administrator,REDACTED IP,1
"3/16/2025, 10:02:21.279 PM",windows-target-1,LogonFailed,administrator,REDACTED IP,1
"3/16/2025, 10:03:06.320 PM",windows-target-1,LogonFailed,administrator,REDACTED IP,1
"3/16/2025, 10:03:07.876 PM",windows-target-1,LogonFailed,administrator,REDACTED IP,1
"3/16/2025, 10:03:23.064 PM",windows-target-1,LogonFailed,azam,REDACTED IP,1
"3/16/2025, 10:03:30.488 PM",windows-target-1,LogonFailed,administrator,REDACTED IP,1
"3/16/2025, 10:03:36.891 PM",windows-target-1,LogonFailed,admin,REDACTED IP,1
"3/16/2025, 10:05:39.183 PM",windows-target-1,LogonFailed,admin,REDACTED IP,1
"3/16/2025, 10:06:52.705 PM",windows-target-1,LogonFailed,gans,REDACTED IP,1
"3/16/2025, 10:07:08.676 PM",windows-target-1,LogonFailed,azmi,REDACTED IP,1
"3/16/2025, 10:09:01.518 PM",windows-target-1,LogonFailed,azureuser,REDACTED IP,1
"3/16/2025, 10:10:02.551 PM",windows-target-1,LogonFailed,admin,REDACTED IP,1
"3/16/2025, 10:10:54.304 PM",windows-target-1,LogonFailed,azureuser,REDACTED IP,1
"3/17/2025, 9:46:04.885 PM",windows-target-1,LogonFailed,mahawar,REDACTED IP,1
"3/17/2025, 9:46:28.366 PM",windows-target-1,LogonFailed,administrator,REDACTED IP,1
"3/17/2025, 9:46:28.389 PM",windows-target-1,LogonFailed,administrator,REDACTED IP,1
"3/17/2025, 9:46:32.644 PM",windows-target-1,LogonFailed,administrator,REDACTED IP,1
"3/17/2025, 9:46:33.100 PM",windows-target-1,LogonFailed,administrator,REDACTED IP,1
"3/17/2025, 9:46:40.245 PM",windows-target-1,LogonFailed,administrator,REDACTED IP,1
"3/17/2025, 9:46:44.990 PM",windows-target-1,LogonFailed,admin,REDACTED IP,1
"3/17/2025, 9:46:45.735 PM",windows-target-1,LogonFailed,administrator,REDACTED IP,1
"3/17/2025, 9:46:51.253 PM",windows-target-1,LogonFailed,administrator,REDACTED IP,1
"3/17/2025, 9:46:53.104 PM",windows-target-1,LogonFailed,administrator,REDACTED IP,1
"3/17/2025, 9:46:54.829 PM",windows-target-1,LogonFailed,administrator,REDACTED IP,1
"3/17/2025, 9:47:10.805 PM",windows-target-1,LogonFailed,administrator,REDACTED IP,1
"3/17/2025, 9:47:19.630 PM",windows-target-1,LogonFailed,administrator,REDACTED IP,1
"3/17/2025, 9:47:20.416 PM",windows-target-1,LogonFailed,administrator,REDACTED IP,1
"3/17/2025, 9:47:23.179 PM",windows-target-1,LogonFailed,administrator,REDACTED IP,1
"3/17/2025, 9:47:27.098 PM",windows-target-1,LogonFailed,administrator,REDACTED IP,1
"3/17/2025, 9:47:35.938 PM",windows-target-1,LogonFailed,administrator,REDACTED IP,1
"3/17/2025, 9:47:38.179 PM",windows-target-1,LogonFailed,administrator,REDACTED IP,1
"3/17/2025, 9:47:41.229 PM",windows-target-1,LogonFailed,administrator,REDACTED IP,1
"3/17/2025, 9:47:45.510 PM",windows-target-1,LogonFailed,administrator,REDACTED IP,1
"3/17/2025, 9:47:51.344 PM",windows-target-1,LogonFailed,administrator,REDACTED IP,1
"3/17/2025, 9:47:55.220 PM",windows-target-1,LogonFailed,admin,REDACTED IP,1
"3/17/2025, 9:48:03.916 PM",windows-target-1,LogonFailed,admin,REDACTED IP,1
"3/17/2025, 9:48:06.095 PM",windows-target-1,LogonFailed,administrator,REDACTED IP,1
"3/17/2025, 9:48:06.890 PM",windows-target-1,LogonFailed,administrator,REDACTED IP,1
"3/17/2025, 9:48:07.679 PM",windows-target-1,LogonFailed,administrator,REDACTED IP,1
"3/17/2025, 9:48:10.569 PM",windows-target-1,LogonFailed,administrator,REDACTED IP,1
"3/17/2025, 9:48:14.420 PM",windows-target-1,LogonFailed,administrator,REDACTED IP,1
"3/17/2025, 9:48:21.071 PM",windows-target-1,LogonFailed,administrator,REDACTED IP,1
"3/17/2025, 9:48:26.898 PM",windows-target-1,LogonFailed,admin,REDACTED IP,1
"3/17/2025, 9:48:33.615 PM",windows-target-1,LogonFailed,administrator,REDACTED IP,1
"3/17/2025, 9:48:43.796 PM",windows-target-1,LogonFailed,administrator,REDACTED IP,1
"3/17/2025, 9:48:45.258 PM",windows-target-1,LogonFailed,administrator,REDACTED IP,1
"3/17/2025, 9:48:47.381 PM",windows-target-1,LogonFailed,administrator,REDACTED IP,1
"3/17/2025, 9:48:52.194 PM",windows-target-1,LogonFailed,administrator,REDACTED IP,1
"3/17/2025, 9:48:58.680 PM",windows-target-1,LogonFailed,administrator,REDACTED IP,1
"3/17/2025, 9:49:01.261 PM",windows-target-1,LogonFailed,administrator,REDACTED IP,1
"3/17/2025, 9:49:02.882 PM",windows-target-1,LogonFailed,administrator,REDACTED IP,1
"3/17/2025, 9:49:05.673 PM",windows-target-1,LogonFailed,administrator,REDACTED IP,1
"3/17/2025, 9:49:06.618 PM",windows-target-1,LogonFailed,administrator,REDACTED IP,1
"3/17/2025, 9:49:15.473 PM",windows-target-1,LogonFailed,administrator,REDACTED IP,1
"3/17/2025, 9:49:17.566 PM",windows-target-1,LogonFailed,administrator,REDACTED IP,1
"3/17/2025, 9:49:18.302 PM",windows-target-1,LogonFailed,administrator,REDACTED IP,1
"3/17/2025, 9:49:20.078 PM",windows-target-1,LogonFailed,administrator,REDACTED IP,1
"3/17/2025, 9:49:20.297 PM",windows-target-1,LogonFailed,administrator,REDACTED IP,1
"3/17/2025, 9:49:20.542 PM",windows-target-1,LogonFailed,administrator,REDACTED IP,1
"3/17/2025, 9:49:24.091 PM",windows-target-1,LogonFailed,mahmood,REDACTED IP,1
"3/17/2025, 9:49:30.526 PM",windows-target-1,LogonFailed,administrator,REDACTED IP,1
"3/17/2025, 9:49:43.267 PM",windows-target-1,LogonFailed,administrator,REDACTED IP,1
"3/17/2025, 9:49:44.839 PM",windows-target-1,LogonFailed,administrator,REDACTED IP,1
"3/17/2025, 9:49:51.495 PM",windows-target-1,LogonFailed,administrator,REDACTED IP,1
"3/17/2025, 9:49:52.161 PM",windows-target-1,LogonFailed,administrator,REDACTED IP,1
"3/17/2025, 9:49:58.384 PM",windows-target-1,LogonFailed,administrator,REDACTED IP,1
"3/17/2025, 9:51:07.778 PM",windows-target-1,LogonFailed,administrator,REDACTED IP,1
"3/17/2025, 9:51:11.373 PM",windows-target-1,LogonFailed,administrator,REDACTED IP,1
"3/17/2025, 9:51:16.084 PM",windows-target-1,LogonFailed,administrator,REDACTED IP,1
"3/17/2025, 9:51:25.902 PM",windows-target-1,LogonFailed,administrator,REDACTED IP,1
"3/17/2025, 9:51:26.783 PM",windows-target-1,LogonFailed,administrator,REDACTED IP,1
"3/17/2025, 9:51:32.672 PM",windows-target-1,LogonFailed,administrator,REDACTED IP,1
"3/17/2025, 9:51:36.030 PM",windows-target-1,LogonFailed,administrator,REDACTED IP,1
"3/17/2025, 9:51:37.848 PM",windows-target-1,LogonFailed,administrator,REDACTED IP,1
"3/17/2025, 9:51:38.870 PM",windows-target-1,LogonFailed,administrator,REDACTED IP,1
"3/17/2025, 9:51:39.519 PM",windows-target-1,LogonFailed,administrator,REDACTED IP,1
"3/17/2025, 9:51:46.542 PM",windows-target-1,LogonFailed,administrator,REDACTED IP,1
"3/17/2025, 9:51:46.614 PM",windows-target-1,LogonFailed,administrator,REDACTED IP,1
"3/17/2025, 9:51:50.314 PM",windows-target-1,LogonFailed,administrator,REDACTED IP,1
"3/17/2025, 9:51:50.336 PM",windows-target-1,LogonFailed,admin,REDACTED IP,1
"3/17/2025, 9:51:52.556 PM",windows-target-1,LogonFailed,administrator,REDACTED IP,1
"3/17/2025, 9:51:52.706 PM",windows-target-1,LogonFailed,administrator,REDACTED IP,1
"3/17/2025, 9:56:05.128 PM",windows-target-1,LogonFailed,administrator,REDACTED IP,1
"3/17/2025, 9:56:11.212 PM",windows-target-1,LogonFailed,administrator,REDACTED IP,1
"3/17/2025, 9:56:17.270 PM",windows-target-1,LogonFailed,administrator,REDACTED IP,1
"3/17/2025, 9:56:25.375 PM",windows-target-1,LogonFailed,frontdesk1,REDACTED IP,1
"3/17/2025, 9:56:33.349 PM",windows-target-1,LogonFailed,administrator,REDACTED IP,1
"3/17/2025, 9:56:40.316 PM",windows-target-1,LogonFailed,administrator,REDACTED IP,1
"3/17/2025, 9:56:43.796 PM",windows-target-1,LogonFailed,administrator,REDACTED IP,1
"3/17/2025, 9:56:50.018 PM",windows-target-1,LogonFailed,admin,REDACTED IP,1
"3/17/2025, 9:56:56.289 PM",windows-target-1,LogonFailed,admin,REDACTED IP,1
"3/17/2025, 9:57:01.233 PM",windows-target-1,LogonFailed,administrator,REDACTED IP,1
"3/17/2025, 9:57:28.038 PM",windows-target-1,LogonFailed,administrator,REDACTED IP,1
"3/17/2025, 9:57:38.333 PM",windows-target-1,LogonFailed,administrator,REDACTED IP,1
"3/17/2025, 9:57:51.887 PM",windows-target-1,LogonFailed,administrator,REDACTED IP,1
"3/17/2025, 9:57:55.250 PM",windows-target-1,LogonFailed,admin,REDACTED IP,1
"3/17/2025, 9:57:57.106 PM",windows-target-1,LogonFailed,administrator,REDACTED IP,1
"3/17/2025, 9:58:00.348 PM",windows-target-1,LogonFailed,administrator,REDACTED IP,1
"3/17/2025, 10:01:07.827 PM",windows-target-1,LogonFailed,administrator,REDACTED IP,1
"3/17/2025, 10:01:24.405 PM",windows-target-1,LogonFailed,administrator,REDACTED IP,1
"3/17/2025, 10:01:37.978 PM",windows-target-1,LogonFailed,administrator,REDACTED IP,1
"3/17/2025, 10:01:38.416 PM",windows-target-1,LogonFailed,administrator,REDACTED IP,1
"3/17/2025, 10:02:00.145 PM",windows-target-1,LogonFailed,administrator,REDACTED IP,1
"3/17/2025, 10:02:01.427 PM",windows-target-1,LogonFailed,admin,REDACTED IP,1
"3/17/2025, 10:02:16.887 PM",windows-target-1,LogonFailed,administrator,REDACTED IP,1
"3/17/2025, 10:02:34.811 PM",windows-target-1,LogonFailed,malkov,REDACTED IP,1
"3/17/2025, 10:02:53.086 PM",windows-target-1,LogonFailed,admin,REDACTED IP,1
"3/17/2025, 10:03:43.658 PM",windows-target-1,LogonFailed,admin,REDACTED IP,1
"3/17/2025, 10:06:47.381 PM",windows-target-1,LogonFailed,sys,REDACTED IP,1
"3/17/2025, 10:07:05.728 PM",windows-target-1,LogonFailed,admin,REDACTED IP,1
"3/17/2025, 10:07:32.292 PM",windows-target-1,LogonFailed,man,REDACTED IP,1
"3/17/2025, 10:08:47.061 PM",windows-target-1,LogonFailed,admin,REDACTED IP,1
"3/17/2025, 10:11:49.216 PM",windows-target-1,LogonFailed,admin,REDACTED IP,1
"3/18/2025, 4:30:27.448 AM",windows-target-1,LogonFailed,administrator,REDACTED IP,1
"3/18/2025, 4:30:29.609 AM",windows-target-1,LogonFailed,administrator,REDACTED IP,1
"3/18/2025, 4:30:34.237 AM",windows-target-1,LogonFailed,dsnvsuser,REDACTED IP,1
"3/18/2025, 4:30:37.363 AM",windows-target-1,LogonFailed,administrator,REDACTED IP,1
"3/18/2025, 4:30:39.873 AM",windows-target-1,LogonFailed,administrator,REDACTED IP,1
"3/18/2025, 4:30:50.173 AM",windows-target-1,LogonFailed,administrator,REDACTED IP,1
"3/18/2025, 4:30:50.457 AM",windows-target-1,LogonFailed,administrator,REDACTED IP,1
"3/18/2025, 4:30:51.401 AM",windows-target-1,LogonFailed,administrator,REDACTED IP,1
"3/18/2025, 4:30:52.520 AM",windows-target-1,LogonFailed,administrator,REDACTED IP,1
"3/18/2025, 4:30:53.799 AM",windows-target-1,LogonFailed,administrator,REDACTED IP,1
"3/18/2025, 4:30:54.906 AM",windows-target-1,LogonFailed,administrator,REDACTED IP,1
"3/18/2025, 4:31:00.760 AM",windows-target-1,LogonFailed,administrator,REDACTED IP,1
"3/18/2025, 4:31:05.812 AM",windows-target-1,LogonFailed,administrator,REDACTED IP,1
"3/18/2025, 4:31:07.294 AM",windows-target-1,LogonFailed,administrator,REDACTED IP,1
"3/18/2025, 4:31:20.956 AM",windows-target-1,LogonFailed,administrator,REDACTED IP,1
"3/18/2025, 4:31:33.674 AM",windows-target-1,LogonFailed,administrator,REDACTED IP,1
"3/18/2025, 4:31:35.198 AM",windows-target-1,LogonFailed,administrator,REDACTED IP,1
"3/18/2025, 4:31:43.110 AM",windows-target-1,LogonFailed,administrator,REDACTED IP,1
"3/18/2025, 4:31:46.606 AM",windows-target-1,LogonFailed,administrator,REDACTED IP,1
"3/18/2025, 4:31:54.506 AM",windows-target-1,LogonFailed,administrator,REDACTED IP,1
"3/18/2025, 4:32:00.688 AM",windows-target-1,LogonFailed,administrator,REDACTED IP,1
"3/18/2025, 4:32:06.863 AM",windows-target-1,LogonFailed,administrator,REDACTED IP,1
"3/18/2025, 4:32:11.969 AM",windows-target-1,LogonFailed,administrator,REDACTED IP,1
"3/18/2025, 4:32:15.254 AM",windows-target-1,LogonFailed,administrator,REDACTED IP,1
"3/18/2025, 4:32:16.212 AM",windows-target-1,LogonFailed,administrator,REDACTED IP,1
"3/18/2025, 4:32:19.995 AM",windows-target-1,LogonFailed,administrator,REDACTED IP,1
"3/18/2025, 4:32:24.255 AM",windows-target-1,LogonFailed,administrator,REDACTED IP,1
"3/18/2025, 4:32:26.101 AM",windows-target-1,LogonFailed,administrator,REDACTED IP,1
"3/18/2025, 4:32:26.999 AM",windows-target-1,LogonFailed,administrator,REDACTED IP,1
"3/18/2025, 4:32:37.595 AM",windows-target-1,LogonFailed,administrator,REDACTED IP,1
"3/18/2025, 4:32:43.110 AM",windows-target-1,LogonFailed,administrator,REDACTED IP,1
"3/18/2025, 4:32:43.348 AM",windows-target-1,LogonFailed,administrator,REDACTED IP,1
"3/18/2025, 4:32:50.781 AM",windows-target-1,LogonFailed,administrator,REDACTED IP,1
"3/18/2025, 4:33:02.741 AM",windows-target-1,LogonFailed,administrator,REDACTED IP,1
"3/18/2025, 4:33:03.059 AM",windows-target-1,LogonFailed,administrator,REDACTED IP,1
"3/18/2025, 4:33:06.214 AM",windows-target-1,LogonFailed,administrator,REDACTED IP,1
"3/18/2025, 4:33:12.020 AM",windows-target-1,LogonFailed,administrator,REDACTED IP,1
"3/18/2025, 4:33:16.526 AM",windows-target-1,LogonFailed,administrator,REDACTED IP,1
"3/18/2025, 4:33:17.588 AM",windows-target-1,LogonFailed,administrator,REDACTED IP,1
"3/18/2025, 4:33:28.371 AM",windows-target-1,LogonFailed,administrator,REDACTED IP,1
"3/18/2025, 4:33:28.825 AM",windows-target-1,LogonFailed,administrator,REDACTED IP,1
"3/18/2025, 4:33:32.496 AM",windows-target-1,LogonFailed,administrator,REDACTED IP,1
"3/18/2025, 4:33:38.988 AM",windows-target-1,LogonFailed,administrator,REDACTED IP,1
"3/18/2025, 4:33:42.311 AM",windows-target-1,LogonFailed,administrator,REDACTED IP,1
"3/18/2025, 4:33:42.724 AM",windows-target-1,LogonFailed,administrator,REDACTED IP,1
"3/18/2025, 4:33:53.450 AM",windows-target-1,LogonFailed,administrator,REDACTED IP,1
"3/18/2025, 4:33:58.287 AM",windows-target-1,LogonFailed,administrator,REDACTED IP,1
"3/18/2025, 4:34:07.171 AM",windows-target-1,LogonFailed,administrator,REDACTED IP,1
"3/18/2025, 4:34:09.577 AM",windows-target-1,LogonFailed,administrator,REDACTED IP,1
"3/18/2025, 4:34:13.455 AM",windows-target-1,LogonFailed,administrator,REDACTED IP,1
"3/18/2025, 4:34:13.847 AM",windows-target-1,LogonFailed,administrator,REDACTED IP,1
"3/18/2025, 4:34:16.068 AM",windows-target-1,LogonFailed,administrator,REDACTED IP,1
"3/18/2025, 4:34:18.384 AM",windows-target-1,LogonFailed,administrator,REDACTED IP,1
"3/18/2025, 4:34:18.803 AM",windows-target-1,LogonFailed,administrator,REDACTED IP,1
"3/18/2025, 4:34:32.573 AM",windows-target-1,LogonFailed,administrator,REDACTED IP,1
"3/18/2025, 4:34:34.593 AM",windows-target-1,LogonFailed,administrator,REDACTED IP,1
"3/18/2025, 4:34:35.666 AM",windows-target-1,LogonFailed,administrator,REDACTED IP,1
"3/18/2025, 4:34:40.296 AM",windows-target-1,LogonFailed,administrator,REDACTED IP,1
"3/18/2025, 4:34:42.610 AM",windows-target-1,LogonFailed,admin,REDACTED IP,1
"3/18/2025, 4:34:43.663 AM",windows-target-1,LogonFailed,administrator,REDACTED IP,1
"3/18/2025, 4:34:56.985 AM",windows-target-1,LogonFailed,administrator,REDACTED IP,1
"3/18/2025, 4:35:09.321 AM",windows-target-1,LogonFailed,administrator,REDACTED IP,1
"3/18/2025, 4:35:09.389 AM",windows-target-1,LogonFailed,administrator,REDACTED IP,1
"3/18/2025, 4:35:15.257 AM",windows-target-1,LogonFailed,administrator,REDACTED IP,1
"3/18/2025, 4:35:22.932 AM",windows-target-1,LogonFailed,administrator,REDACTED IP,1
"3/18/2025, 4:35:23.897 AM",windows-target-1,LogonFailed,administrator,REDACTED IP,1
"3/18/2025, 4:35:34.496 AM",windows-target-1,LogonFailed,administrator,REDACTED IP,1
"3/18/2025, 4:35:36.050 AM",windows-target-1,LogonFailed,administrator,REDACTED IP,1
"3/18/2025, 4:35:47.888 AM",windows-target-1,LogonFailed,admin,REDACTED IP,1
"3/18/2025, 4:35:48.408 AM",windows-target-1,LogonFailed,administrator,REDACTED IP,1
"3/18/2025, 4:35:49.517 AM",windows-target-1,LogonFailed,administrator,REDACTED IP,1
"3/18/2025, 4:35:54.567 AM",windows-target-1,LogonFailed,administrator,REDACTED IP,1
"3/18/2025, 4:35:55.272 AM",windows-target-1,LogonFailed,administrator,REDACTED IP,1
"3/18/2025, 4:35:58.436 AM",windows-target-1,LogonFailed,admin,REDACTED IP,1
"3/18/2025, 4:36:02.196 AM",windows-target-1,LogonFailed,administrator,REDACTED IP,1
"3/18/2025, 4:36:18.126 AM",windows-target-1,LogonFailed,administrator,REDACTED IP,1
"3/18/2025, 4:36:27.579 AM",windows-target-1,LogonFailed,administrator,REDACTED IP,1
"3/18/2025, 4:36:34.342 AM",windows-target-1,LogonFailed,administrator,REDACTED IP,1
"3/18/2025, 4:36:36.941 AM",windows-target-1,LogonFailed,administrator,REDACTED IP,1
"3/18/2025, 4:36:52.617 AM",windows-target-1,LogonFailed,administrator,REDACTED IP,1
"3/18/2025, 4:37:00.966 AM",windows-target-1,LogonFailed,administrator,REDACTED IP,1
"3/18/2025, 4:37:04.183 AM",windows-target-1,LogonFailed,administrator,REDACTED IP,1
"3/18/2025, 4:37:23.976 AM",windows-target-1,LogonFailed,administrator,REDACTED IP,1
"3/18/2025, 4:37:25.598 AM",windows-target-1,LogonFailed,admin,REDACTED IP,1
"3/18/2025, 4:37:25.658 AM",windows-target-1,LogonFailed,administrator,REDACTED IP,1
"3/18/2025, 4:37:52.908 AM",windows-target-1,LogonFailed,admin,REDACTED IP,1
"3/18/2025, 4:38:48.596 AM",windows-target-1,LogonFailed,admin,REDACTED IP,1
"3/18/2025, 4:40:03.242 AM",windows-target-1,LogonFailed,max,REDACTED IP,1
"3/18/2025, 4:40:06.585 AM",windows-target-1,LogonFailed,admin,REDACTED IP,1
"3/18/2025, 4:40:34.259 AM",windows-target-1,LogonFailed,admin,REDACTED IP,1
"3/18/2025, 4:41:15.177 AM",windows-target-1,LogonFailed,admin,REDACTED IP,1
"3/18/2025, 4:41:16.308 AM",windows-target-1,LogonFailed,admin,REDACTED IP,1
"3/18/2025, 4:42:39.500 AM",windows-target-1,LogonFailed,admin,REDACTED IP,1
"3/18/2025, 4:48:09.232 AM",windows-target-1,LogonFailed,admin,REDACTED IP,1
"3/18/2025, 4:48:22.879 AM",windows-target-1,LogonFailed,operator9,REDACTED IP,1
"3/18/2025, 4:48:26.997 AM",windows-target-1,LogonFailed,scanner,REDACTED IP,1
"3/18/2025, 4:50:00.217 AM",windows-target-1,LogonFailed,opt,REDACTED IP,1
"3/18/2025, 4:50:17.429 AM",windows-target-1,LogonFailed,admin,REDACTED IP,1
"3/18/2025, 4:50:18.892 AM",windows-target-1,LogonFailed,angel,REDACTED IP,1
"3/18/2025, 4:51:34.766 AM",windows-target-1,LogonFailed,admin,REDACTED IP,1
"3/24/2025, 3:32:22.875 AM",windows-target-1,LogonFailed,scannedjser,REDACTED IP,1
"3/24/2025, 3:32:23.292 AM",windows-target-1,LogonFailed,harlow,REDACTED IP,1
"3/24/2025, 3:32:23.997 AM",windows-target-1,LogonFailed,tgadmin,REDACTED IP,1
"3/24/2025, 3:32:25.960 AM",windows-target-1,LogonFailed,petrova,REDACTED IP,1
"3/24/2025, 3:32:26.341 AM",windows-target-1,LogonFailed,administrator,REDACTED IP,1
"3/24/2025, 3:32:26.473 AM",windows-target-1,LogonFailed,mosebachll,REDACTED IP,1
"3/24/2025, 3:32:28.907 AM",windows-target-1,LogonFailed,csatech,REDACTED IP,1
"3/24/2025, 3:32:30.285 AM",windows-target-1,LogonFailed,administrator,REDACTED IP,1
"3/24/2025, 3:32:31.335 AM",windows-target-1,LogonFailed,soeadmin,REDACTED IP,1
"3/24/2025, 3:32:33.814 AM",windows-target-1,LogonFailed,ateam,REDACTED IP,1
"3/24/2025, 3:32:35.680 AM",windows-target-1,LogonFailed,administrator,REDACTED IP,1
"3/24/2025, 3:32:36.276 AM",windows-target-1,LogonFailed,xp,REDACTED IP,1
"3/24/2025, 3:32:38.744 AM",windows-target-1,LogonFailed,tmt,REDACTED IP,1
"3/24/2025, 3:32:40.931 AM",windows-target-1,LogonFailed,administrator,REDACTED IP,1
"3/24/2025, 3:32:41.218 AM",windows-target-1,LogonFailed,lq,REDACTED IP,1
"3/24/2025, 3:32:41.510 AM",windows-target-1,LogonFailed,martin,REDACTED IP,1
"3/24/2025, 3:32:43.851 AM",windows-target-1,LogonFailed,user,REDACTED IP,1
"3/24/2025, 3:32:45.351 AM",windows-target-1,LogonFailed,administrator,REDACTED IP,1
"3/24/2025, 3:32:46.134 AM",windows-target-1,LogonFailed,cogusef,REDACTED IP,1
"3/24/2025, 3:32:46.175 AM",windows-target-1,LogonFailed,administrator,REDACTED IP,1
"3/24/2025, 3:32:46.297 AM",windows-target-1,LogonFailed,user2,REDACTED IP,1
"3/24/2025, 3:32:48.604 AM",windows-target-1,LogonFailed,rubens,REDACTED IP,1
"3/24/2025, 3:32:50.582 AM",windows-target-1,LogonFailed,administrator,REDACTED IP,1
"3/24/2025, 3:32:50.971 AM",windows-target-1,LogonFailed,admin,REDACTED IP,1
"3/24/2025, 3:32:52.014 AM",windows-target-1,LogonFailed,administrator,REDACTED IP,1
"3/24/2025, 3:32:53.542 AM",windows-target-1,LogonFailed,cdcadminaws,REDACTED IP,1
"3/24/2025, 3:32:56.001 AM",windows-target-1,LogonFailed,rsisail,REDACTED IP,1
"3/24/2025, 3:32:56.894 AM",windows-target-1,LogonFailed,administrator,REDACTED IP,1
"3/24/2025, 3:32:59.090 AM",windows-target-1,LogonFailed,caja2,REDACTED IP,1
"3/24/2025, 3:32:59.835 AM",windows-target-1,LogonFailed,administrator,REDACTED IP,1
"3/24/2025, 3:33:00.994 AM",windows-target-1,LogonFailed,userldd,REDACTED IP,1
"3/24/2025, 3:33:01.091 AM",windows-target-1,LogonFailed,demo,REDACTED IP,1
"3/24/2025, 3:33:03.445 AM",windows-target-1,LogonFailed,mshafique,REDACTED IP,1
"3/24/2025, 3:33:04.632 AM",windows-target-1,LogonFailed,anichober,REDACTED IP,1
"3/24/2025, 3:33:04.650 AM",windows-target-1,LogonFailed,administrator,REDACTED IP,1
"3/24/2025, 3:33:05.915 AM",windows-target-1,LogonFailed,micciocpa,REDACTED IP,1
"3/24/2025, 3:33:06.428 AM",windows-target-1,LogonFailed,administrator,REDACTED IP,1
"3/24/2025, 3:33:08.384 AM",windows-target-1,LogonFailed,dispatcheruser,REDACTED IP,1
"3/24/2025, 3:33:11.870 AM",windows-target-1,LogonFailed,administrator,REDACTED IP,1
"3/24/2025, 3:33:13.290 AM",windows-target-1,LogonFailed,twisted,REDACTED IP,1
"3/24/2025, 3:33:15.903 AM",windows-target-1,LogonFailed,cmarcelino,REDACTED IP,1
"3/24/2025, 3:33:16.101 AM",windows-target-1,LogonFailed,jasper,REDACTED IP,1
"3/24/2025, 3:37:23.277 AM",windows-target-1,LogonFailed,judi,REDACTED IP,1
"3/24/2025, 3:37:25.603 AM",windows-target-1,LogonFailed,administrator,REDACTED IP,1
"3/24/2025, 3:37:25.684 AM",windows-target-1,LogonFailed,wari,REDACTED IP,1
"3/24/2025, 3:37:28.158 AM",windows-target-1,LogonFailed,aaladmin,REDACTED IP,1
"3/24/2025, 3:37:29.395 AM",windows-target-1,LogonFailed,admin,REDACTED IP,1
"3/24/2025, 3:37:30.654 AM",windows-target-1,LogonFailed,pseseafoods,REDACTED IP,1
"3/24/2025, 3:37:31.357 AM",windows-target-1,LogonFailed,administrator,REDACTED IP,1
"3/24/2025, 3:37:31.810 AM",windows-target-1,LogonFailed,administrator,REDACTED IP,1
"3/24/2025, 3:37:33.088 AM",windows-target-1,LogonFailed,escaneoiafa,REDACTED IP,1
"3/24/2025, 3:37:34.989 AM",windows-target-1,LogonFailed,administrator,REDACTED IP,1
"3/24/2025, 3:37:35.524 AM",windows-target-1,LogonFailed,samira,REDACTED IP,1
"3/24/2025, 3:37:35.970 AM",windows-target-1,LogonFailed,administrator,REDACTED IP,1
"3/24/2025, 3:37:37.237 AM",windows-target-1,LogonFailed,hp,REDACTED IP,1
"3/24/2025, 3:37:37.970 AM",windows-target-1,LogonFailed,sockwell,REDACTED IP,1
"3/24/2025, 3:37:38.535 AM",windows-target-1,LogonFailed,administrator,REDACTED IP,1
"3/24/2025, 3:37:40.432 AM",windows-target-1,LogonFailed,harv,REDACTED IP,1
"3/24/2025, 3:37:40.562 AM",windows-target-1,LogonFailed,asp.iis,REDACTED IP,1
"3/24/2025, 3:37:42.879 AM",windows-target-1,LogonFailed,vsnvr,REDACTED IP,1
"3/24/2025, 3:37:44.074 AM",windows-target-1,LogonFailed,administrator,REDACTED IP,1
"3/24/2025, 3:37:44.864 AM",windows-target-1,LogonFailed,administrator,REDACTED IP,1
"3/24/2025, 3:37:45.334 AM",windows-target-1,LogonFailed,cbox,REDACTED IP,1
"3/24/2025, 3:37:45.724 AM",windows-target-1,LogonFailed,administrator,REDACTED IP,1
"3/24/2025, 3:37:45.848 AM",windows-target-1,LogonFailed,administrator,REDACTED IP,1
"3/24/2025, 3:37:47.799 AM",windows-target-1,LogonFailed,dbkfadmin,REDACTED IP,1
"3/24/2025, 3:37:49.271 AM",windows-target-1,LogonFailed,administrator,REDACTED IP,1
"3/24/2025, 3:37:50.240 AM",windows-target-1,LogonFailed,ctac,REDACTED IP,1
"3/24/2025, 3:37:50.629 AM",windows-target-1,LogonFailed,barry,REDACTED IP,1
"3/24/2025, 3:37:50.642 AM",windows-target-1,LogonFailed,administrator,REDACTED IP,1
"3/24/2025, 3:37:51.544 AM",windows-target-1,LogonFailed,sukien3,REDACTED IP,1
"3/24/2025, 3:37:52.698 AM",windows-target-1,LogonFailed,mtcwnsend,REDACTED IP,1
"3/24/2025, 3:37:55.163 AM",windows-target-1,LogonFailed,orangeaed,REDACTED IP,1
"3/24/2025, 3:37:56.055 AM",windows-target-1,LogonFailed,administrator,REDACTED IP,1
"3/24/2025, 3:42:22.964 AM",windows-target-1,LogonFailed,rduser,REDACTED IP,1
"3/24/2025, 3:42:24.979 AM",windows-target-1,LogonFailed,administrator,REDACTED IP,1
"3/24/2025, 3:42:25.376 AM",windows-target-1,LogonFailed,jdm,REDACTED IP,1
"3/24/2025, 3:42:28.113 AM",windows-target-1,LogonFailed,tvu,REDACTED IP,1
"3/24/2025, 3:42:29.767 AM",windows-target-1,LogonFailed,amps,REDACTED IP,1
"3/24/2025, 3:42:30.325 AM",windows-target-1,LogonFailed,qentelli,REDACTED IP,1
"3/24/2025, 3:42:30.888 AM",windows-target-1,LogonFailed,administrator,REDACTED IP,1
"3/24/2025, 3:42:33.625 AM",windows-target-1,LogonFailed,pc,REDACTED IP,1
"3/24/2025, 3:42:35.090 AM",windows-target-1,LogonFailed,ep,REDACTED IP,1
"3/24/2025, 3:42:36.812 AM",windows-target-1,LogonFailed,administrator,REDACTED IP,1
"3/24/2025, 3:42:37.569 AM",windows-target-1,LogonFailed,sanchez,REDACTED IP,1
"3/24/2025, 3:42:38.033 AM",windows-target-1,LogonFailed,administrator,REDACTED IP,1
"3/24/2025, 3:42:39.908 AM",windows-target-1,LogonFailed,moustafa,REDACTED IP,1
"3/24/2025, 3:42:39.980 AM",windows-target-1,LogonFailed,bander,REDACTED IP,1
"3/24/2025, 3:42:41.694 AM",windows-target-1,LogonFailed,admin,REDACTED IP,1
"3/24/2025, 3:42:42.422 AM",windows-target-1,LogonFailed,flconf,REDACTED IP,1
"3/24/2025, 3:42:43.405 AM",windows-target-1,LogonFailed,administrator,REDACTED IP,1
"3/24/2025, 3:42:51.461 AM",windows-target-1,LogonFailed,caleb,REDACTED IP,1
"3/24/2025, 3:42:52.871 AM",windows-target-1,LogonFailed,caleb,REDACTED IP,1
"3/24/2025, 3:42:54.777 AM",windows-target-1,LogonFailed,s2,REDACTED IP,1
"3/24/2025, 3:42:57.333 AM",windows-target-1,LogonFailed,lise,REDACTED IP,1
"3/24/2025, 3:42:58.305 AM",windows-target-1,LogonFailed,administrator,REDACTED IP,1
"3/24/2025, 3:43:00.692 AM",windows-target-1,LogonFailed,mddx,REDACTED IP,1
"3/24/2025, 3:43:00.756 AM",windows-target-1,LogonFailed,felgerhansvr,REDACTED IP,1
"3/24/2025, 3:43:00.784 AM",windows-target-1,LogonFailed,micropool,REDACTED IP,1
"3/24/2025, 3:43:00.793 AM",windows-target-1,LogonFailed,jaroslaw,REDACTED IP,1
"3/26/2025, 3:32:33.041 AM",windows-target-1,LogonFailed,administrator,REDACTED IP,1
"3/26/2025, 3:32:33.264 AM",windows-target-1,LogonFailed,boardroom,REDACTED IP,1
"3/26/2025, 3:32:33.761 AM",windows-target-1,LogonFailed,admin,REDACTED IP,1
"3/26/2025, 3:32:34.197 AM",windows-target-1,LogonFailed,admin,REDACTED IP,1
"3/26/2025, 3:32:34.703 AM",windows-target-1,LogonFailed,admin,REDACTED IP,1
"3/26/2025, 3:32:36.404 AM",windows-target-1,LogonFailed,administrator,REDACTED IP,1
"3/26/2025, 3:32:36.824 AM",windows-target-1,LogonFailed,admin,REDACTED IP,1
"3/26/2025, 3:32:36.865 AM",windows-target-1,LogonFailed,shop,REDACTED IP,1
"3/26/2025, 3:32:36.912 AM",windows-target-1,LogonFailed,admin,REDACTED IP,1
"3/26/2025, 3:32:37.226 AM",windows-target-1,LogonFailed,administrator,REDACTED IP,1
"3/26/2025, 3:32:37.622 AM",windows-target-1,LogonFailed,admin,REDACTED IP,1
"3/26/2025, 3:32:39.929 AM",windows-target-1,LogonFailed,admin,REDACTED IP,1
"3/26/2025, 3:32:40.583 AM",windows-target-1,LogonFailed,administrator,REDACTED IP,1
"3/26/2025, 3:32:40.589 AM",windows-target-1,LogonFailed,admin,REDACTED IP,1
"3/26/2025, 3:32:40.956 AM",windows-target-1,LogonFailed,admin,REDACTED IP,1
"3/26/2025, 3:32:41.314 AM",windows-target-1,LogonFailed,arun,REDACTED IP,1
"3/26/2025, 3:32:42.461 AM",windows-target-1,LogonFailed,administrator,REDACTED IP,1
"3/26/2025, 3:32:43.029 AM",windows-target-1,LogonFailed,administrator,REDACTED IP,1
"3/26/2025, 3:32:43.444 AM",windows-target-1,LogonFailed,student,REDACTED IP,1
"3/26/2025, 3:32:43.483 AM",windows-target-1,LogonFailed,admin,REDACTED IP,1
"3/26/2025, 3:32:43.520 AM",windows-target-1,LogonFailed,pos,REDACTED IP,1
"3/26/2025, 3:32:43.691 AM",windows-target-1,LogonFailed,admin,REDACTED IP,1
"3/26/2025, 3:32:43.904 AM",windows-target-1,LogonFailed,admin,REDACTED IP,1
"3/26/2025, 3:32:44.585 AM",windows-target-1,LogonFailed,erico,REDACTED IP,1
"3/26/2025, 3:32:46.273 AM",windows-target-1,LogonFailed,administrator,REDACTED IP,1
"3/26/2025, 3:32:46.907 AM",windows-target-1,LogonFailed,administrator,REDACTED IP,1
"3/26/2025, 3:32:47.184 AM",windows-target-1,LogonFailed,admin,REDACTED IP,1
"3/26/2025, 3:32:47.404 AM",windows-target-1,LogonFailed,admin,REDACTED IP,1
"3/26/2025, 3:32:48.124 AM",windows-target-1,LogonFailed,admin,REDACTED IP,1
"3/26/2025, 3:32:48.659 AM",windows-target-1,LogonFailed,shipping,REDACTED IP,1
"3/26/2025, 3:32:48.706 AM",windows-target-1,LogonFailed,cassa1,REDACTED IP,1
"3/26/2025, 3:32:48.721 AM",windows-target-1,LogonFailed,charly,REDACTED IP,1
"3/26/2025, 3:32:49.776 AM",windows-target-1,LogonFailed,admin,REDACTED IP,1
"3/26/2025, 3:32:50.227 AM",windows-target-1,LogonFailed,administrator,REDACTED IP,1
"3/26/2025, 3:32:50.388 AM",windows-target-1,LogonFailed,administrator,REDACTED IP,1
"3/26/2025, 3:32:50.822 AM",windows-target-1,LogonFailed,admin,REDACTED IP,1
"3/26/2025, 3:32:51.160 AM",windows-target-1,LogonFailed,admin,REDACTED IP,1
"3/26/2025, 3:32:52.497 AM",windows-target-1,LogonFailed,administrator,REDACTED IP,1
"3/26/2025, 3:32:53.422 AM",windows-target-1,LogonFailed,admin,REDACTED IP,1
"3/26/2025, 3:32:53.670 AM",windows-target-1,LogonFailed,daniel,REDACTED IP,1
"3/26/2025, 3:32:53.721 AM",windows-target-1,LogonFailed,admin,REDACTED IP,1
"3/26/2025, 3:32:53.814 AM",windows-target-1,LogonFailed,administrator,REDACTED IP,1
"3/26/2025, 3:37:33.174 AM",windows-target-1,LogonFailed,admin,REDACTED IP,1
"3/26/2025, 3:37:33.424 AM",windows-target-1,LogonFailed,user,REDACTED IP,1
"3/26/2025, 3:37:33.595 AM",windows-target-1,LogonFailed,pri,REDACTED IP,1
"3/26/2025, 3:37:33.912 AM",windows-target-1,LogonFailed,peter,REDACTED IP,1
"3/26/2025, 3:37:34.205 AM",windows-target-1,LogonFailed,administrator,REDACTED IP,1
"3/26/2025, 3:37:34.209 AM",windows-target-1,LogonFailed,administrator,REDACTED IP,1
"3/26/2025, 3:37:34.314 AM",windows-target-1,LogonFailed,administrator,REDACTED IP,1
"3/26/2025, 3:37:35.536 AM",windows-target-1,LogonFailed,admin,REDACTED IP,1
"3/26/2025, 3:37:35.705 AM",windows-target-1,LogonFailed,media,REDACTED IP,1
"3/26/2025, 3:37:36.037 AM",windows-target-1,LogonFailed,admin,REDACTED IP,1
"3/26/2025, 3:37:36.292 AM",windows-target-1,LogonFailed,administrator,REDACTED IP,1
"3/26/2025, 3:37:36.378 AM",windows-target-1,LogonFailed,admin,REDACTED IP,1
"3/26/2025, 3:37:36.576 AM",windows-target-1,LogonFailed,administrator,REDACTED IP,1
"3/26/2025, 3:37:37.496 AM",windows-target-1,LogonFailed,administrator,REDACTED IP,1
"3/26/2025, 3:37:38.698 AM",windows-target-1,LogonFailed,administrator,REDACTED IP,1
"3/26/2025, 3:37:38.857 AM",windows-target-1,LogonFailed,administrator,REDACTED IP,1
"3/26/2025, 3:37:38.926 AM",windows-target-1,LogonFailed,admin,REDACTED IP,1
"3/26/2025, 3:37:39.326 AM",windows-target-1,LogonFailed,admin,REDACTED IP,1
"3/26/2025, 3:37:40.032 AM",windows-target-1,LogonFailed,admin,REDACTED IP,1
"3/26/2025, 3:37:40.399 AM",windows-target-1,LogonFailed,administrator,REDACTED IP,1
"3/26/2025, 3:37:40.876 AM",windows-target-1,LogonFailed,administrator,REDACTED IP,1
"3/26/2025, 3:37:40.975 AM",windows-target-1,LogonFailed,sitecafe,REDACTED IP,1
"3/26/2025, 3:37:41.469 AM",windows-target-1,LogonFailed,administrator,REDACTED IP,1
"3/26/2025, 3:37:42.092 AM",windows-target-1,LogonFailed,administrator,REDACTED IP,1
"3/26/2025, 3:37:42.816 AM",windows-target-1,LogonFailed,laptop,REDACTED IP,1
"3/26/2025, 3:37:42.970 AM",windows-target-1,LogonFailed,admin,REDACTED IP,1
"3/26/2025, 3:37:43.292 AM",windows-target-1,LogonFailed,administrator,REDACTED IP,1
"3/26/2025, 3:37:43.619 AM",windows-target-1,LogonFailed,admin,REDACTED IP,1
"3/26/2025, 3:37:43.894 AM",windows-target-1,LogonFailed,libertyfence,REDACTED IP,1
"3/26/2025, 3:37:43.906 AM",windows-target-1,LogonFailed,admin,REDACTED IP,1
"3/26/2025, 3:37:44.012 AM",windows-target-1,LogonFailed,administrator,REDACTED IP,1
"3/26/2025, 3:37:45.162 AM",windows-target-1,LogonFailed,administrator,REDACTED IP,1
"3/26/2025, 3:42:32.587 AM",windows-target-1,LogonFailed,suporte,REDACTED IP,1
"3/26/2025, 3:42:32.637 AM",windows-target-1,LogonFailed,administrator,REDACTED IP,1
"3/26/2025, 3:42:32.920 AM",windows-target-1,LogonFailed,testerp,REDACTED IP,1
"3/26/2025, 3:42:32.935 AM",windows-target-1,LogonFailed,exchange,REDACTED IP,1
"3/26/2025, 3:42:33.798 AM",windows-target-1,LogonFailed,admin,REDACTED IP,1
"3/26/2025, 3:42:33.967 AM",windows-target-1,LogonFailed,administrator,REDACTED IP,1
"3/26/2025, 3:42:33.985 AM",windows-target-1,LogonFailed,administrator,REDACTED IP,1
"3/26/2025, 3:42:34.093 AM",windows-target-1,LogonFailed,admin,REDACTED IP,1
"3/26/2025, 3:42:34.124 AM",windows-target-1,LogonFailed,administrator,REDACTED IP,1
"3/26/2025, 3:42:34.410 AM",windows-target-1,LogonFailed,admin,REDACTED IP,1
"3/26/2025, 3:42:34.800 AM",windows-target-1,LogonFailed,admin,REDACTED IP,1
"3/26/2025, 3:42:35.125 AM",windows-target-1,LogonFailed,username,REDACTED IP,1
"3/26/2025, 3:42:36.088 AM",windows-target-1,LogonFailed,administrator,REDACTED IP,1
"3/26/2025, 3:42:36.928 AM",windows-target-1,LogonFailed,admin,REDACTED IP,1
"3/26/2025, 3:42:37.080 AM",windows-target-1,LogonFailed,admin,REDACTED IP,1
"3/26/2025, 3:42:37.355 AM",windows-target-1,LogonFailed,administrator,REDACTED IP,1
"3/26/2025, 3:42:37.573 AM",windows-target-1,LogonFailed,admin,REDACTED IP,1
"3/26/2025, 3:42:38.139 AM",windows-target-1,LogonFailed,administrator,REDACTED IP,1
"3/26/2025, 3:42:38.195 AM",windows-target-1,LogonFailed,admin,REDACTED IP,1
"3/26/2025, 3:42:39.213 AM",windows-target-1,LogonFailed,admin,REDACTED IP,1
"3/26/2025, 3:42:39.766 AM",windows-target-1,LogonFailed,administrator,REDACTED IP,1
"3/26/2025, 3:42:40.207 AM",windows-target-1,LogonFailed,admin,REDACTED IP,1
"3/26/2025, 3:42:40.259 AM",windows-target-1,LogonFailed,admin,REDACTED IP,1
"3/26/2025, 3:42:40.973 AM",windows-target-1,LogonFailed,game,REDACTED IP,1
"3/26/2025, 3:42:41.027 AM",windows-target-1,LogonFailed,administrator,REDACTED IP,1
"3/26/2025, 3:42:42.822 AM",windows-target-1,LogonFailed,administrator,REDACTED IP,1
"3/27/2025, 3:32:38.249 AM",windows-target-1,LogonFailed,stephan,REDACTED IP,1
"3/27/2025, 3:32:40.067 AM",windows-target-1,LogonFailed,ron,REDACTED IP,1
"3/27/2025, 3:32:40.442 AM",windows-target-1,LogonFailed,rbell,REDACTED IP,1
"3/27/2025, 3:32:40.657 AM",windows-target-1,LogonFailed,allen,REDACTED IP,1
"3/27/2025, 3:32:41.929 AM",windows-target-1,LogonFailed,dessinateur,REDACTED IP,1
"3/27/2025, 3:32:43.609 AM",windows-target-1,LogonFailed,administrator,REDACTED IP,1
"3/27/2025, 3:32:43.789 AM",windows-target-1,LogonFailed,secretaria,REDACTED IP,1
"3/27/2025, 3:32:44.050 AM",windows-target-1,LogonFailed,ame,REDACTED IP,1
"3/27/2025, 3:32:45.618 AM",windows-target-1,LogonFailed,sqluser,REDACTED IP,1
"3/27/2025, 3:32:46.179 AM",windows-target-1,LogonFailed,test,REDACTED IP,1
"3/27/2025, 3:32:47.420 AM",windows-target-1,LogonFailed,cyber,REDACTED IP,1
"3/27/2025, 3:32:48.661 AM",windows-target-1,LogonFailed,administrator,REDACTED IP,1
"3/27/2025, 3:32:49.238 AM",windows-target-1,LogonFailed,aiden,REDACTED IP,1
"3/27/2025, 3:32:50.001 AM",windows-target-1,LogonFailed,saul,REDACTED IP,1
"3/27/2025, 3:32:51.106 AM",windows-target-1,LogonFailed,cindy,REDACTED IP,1
"3/27/2025, 3:32:52.825 AM",windows-target-1,LogonFailed,administrator,REDACTED IP,1
"3/27/2025, 3:32:52.917 AM",windows-target-1,LogonFailed,direction,REDACTED IP,1
"3/27/2025, 3:32:54.732 AM",windows-target-1,LogonFailed,oscar,REDACTED IP,1
"3/27/2025, 3:32:55.294 AM",windows-target-1,LogonFailed,administrator,REDACTED IP,1
"3/27/2025, 3:32:55.313 AM",windows-target-1,LogonFailed,administrator,REDACTED IP,1
"3/27/2025, 3:32:56.543 AM",windows-target-1,LogonFailed,brungilda,REDACTED IP,1
"3/27/2025, 3:32:57.533 AM",windows-target-1,LogonFailed,krbrtgt,REDACTED IP,1
"3/27/2025, 3:32:58.490 AM",windows-target-1,LogonFailed,sales,REDACTED IP,1
"3/27/2025, 3:32:58.655 AM",windows-target-1,LogonFailed,administrator,REDACTED IP,1
"3/27/2025, 3:33:00.355 AM",windows-target-1,LogonFailed,man,REDACTED IP,1
"3/27/2025, 3:33:00.644 AM",windows-target-1,LogonFailed,pannelli,REDACTED IP,1
"3/27/2025, 3:33:02.272 AM",windows-target-1,LogonFailed,news,REDACTED IP,1
"3/27/2025, 3:33:04.096 AM",windows-target-1,LogonFailed,print,REDACTED IP,1
"3/27/2025, 3:33:06.024 AM",windows-target-1,LogonFailed,craig,REDACTED IP,1
"3/27/2025, 3:33:07.125 AM",windows-target-1,LogonFailed,administrator,REDACTED IP,1
"3/27/2025, 3:33:07.854 AM",windows-target-1,LogonFailed,edward,REDACTED IP,1
"3/27/2025, 3:33:09.703 AM",windows-target-1,LogonFailed,valerie,REDACTED IP,1
"3/27/2025, 3:33:11.515 AM",windows-target-1,LogonFailed,martina,REDACTED IP,1
"3/27/2025, 3:33:13.427 AM",windows-target-1,LogonFailed,colo,REDACTED IP,1
"3/27/2025, 3:33:15.538 AM",windows-target-1,LogonFailed,administrator,REDACTED IP,1
"3/27/2025, 3:33:15.605 AM",windows-target-1,LogonFailed,ospite,REDACTED IP,1
"3/27/2025, 3:33:17.437 AM",windows-target-1,LogonFailed,systema,REDACTED IP,1
"3/27/2025, 3:33:17.461 AM",windows-target-1,LogonFailed,administrator,REDACTED IP,1
"3/27/2025, 3:33:18.478 AM",windows-target-1,LogonFailed,administrator,REDACTED IP,1
"3/27/2025, 3:33:19.830 AM",windows-target-1,LogonFailed,infonet,REDACTED IP,1
"3/27/2025, 3:33:19.930 AM",windows-target-1,LogonFailed,aaa,REDACTED IP,1
"3/27/2025, 3:33:21.695 AM",windows-target-1,LogonFailed,defaultaccount,REDACTED IP,1
"3/27/2025, 3:37:38.449 AM",windows-target-1,LogonFailed,kassa,REDACTED IP,1
"3/27/2025, 3:37:38.739 AM",windows-target-1,LogonFailed,adrian,REDACTED IP,1
"3/27/2025, 3:37:40.293 AM",windows-target-1,LogonFailed,emmanuel,REDACTED IP,1
"3/27/2025, 3:37:42.135 AM",windows-target-1,LogonFailed,lucy,REDACTED IP,1
"3/27/2025, 3:37:43.972 AM",windows-target-1,LogonFailed,system1,REDACTED IP,1
"3/27/2025, 3:37:44.132 AM",windows-target-1,LogonFailed,administrator,REDACTED IP,1
"3/27/2025, 3:37:45.810 AM",windows-target-1,LogonFailed,temp1,REDACTED IP,1
"3/27/2025, 3:37:47.354 AM",windows-target-1,LogonFailed,administrator,REDACTED IP,1
"3/27/2025, 3:37:47.667 AM",windows-target-1,LogonFailed,lenovo,REDACTED IP,1
"3/27/2025, 3:37:48.083 AM",windows-target-1,LogonFailed,administrator,REDACTED IP,1
"3/27/2025, 3:37:48.512 AM",windows-target-1,LogonFailed,rights,REDACTED IP,1
"3/27/2025, 3:37:49.625 AM",windows-target-1,LogonFailed,seohae,REDACTED IP,1
"3/27/2025, 3:37:49.662 AM",windows-target-1,LogonFailed,net,REDACTED IP,1
"3/27/2025, 3:37:51.119 AM",windows-target-1,LogonFailed,asdmin2,REDACTED IP,1
"3/27/2025, 3:37:51.490 AM",windows-target-1,LogonFailed,sys,REDACTED IP,1
"3/27/2025, 3:37:51.642 AM",windows-target-1,LogonFailed,administrator,REDACTED IP,1
"3/27/2025, 3:37:52.020 AM",windows-target-1,LogonFailed,administrator,REDACTED IP,1
"3/27/2025, 3:37:53.295 AM",windows-target-1,LogonFailed,it-service,REDACTED IP,1
"3/27/2025, 3:37:54.421 AM",windows-target-1,LogonFailed,shiva,REDACTED IP,1
"3/27/2025, 3:37:55.105 AM",windows-target-1,LogonFailed,toor,REDACTED IP,1
"3/27/2025, 3:37:55.447 AM",windows-target-1,LogonFailed,administrator,REDACTED IP,1
"3/27/2025, 3:37:56.943 AM",windows-target-1,LogonFailed,123,REDACTED IP,1
"3/27/2025, 3:37:58.819 AM",windows-target-1,LogonFailed,moeclub,REDACTED IP,1
"3/27/2025, 3:38:00.458 AM",windows-target-1,LogonFailed,dev03,REDACTED IP,1
"3/27/2025, 3:38:00.664 AM",windows-target-1,LogonFailed,sara,REDACTED IP,1
"3/27/2025, 3:38:02.485 AM",windows-target-1,LogonFailed,michelle,REDACTED IP,1
"3/27/2025, 3:38:04.355 AM",windows-target-1,LogonFailed,sonicwall,REDACTED IP,1
"3/27/2025, 3:38:06.195 AM",windows-target-1,LogonFailed,sql,REDACTED IP,1
"3/27/2025, 3:38:07.221 AM",windows-target-1,LogonFailed,administrator,REDACTED IP,1
"3/27/2025, 3:38:08.066 AM",windows-target-1,LogonFailed,acer,REDACTED IP,1
"3/27/2025, 3:38:10.151 AM",windows-target-1,LogonFailed,systemadmin,REDACTED IP,1
"3/27/2025, 3:38:10.872 AM",windows-target-1,LogonFailed,crmadmin,REDACTED IP,1
"3/27/2025, 3:42:39.066 AM",windows-target-1,LogonFailed,niglas,REDACTED IP,1
"3/27/2025, 3:42:40.587 AM",windows-target-1,LogonFailed,admin,REDACTED IP,1
"3/27/2025, 3:42:42.884 AM",windows-target-1,LogonFailed,m10,REDACTED IP,1
"3/27/2025, 3:42:46.965 AM",windows-target-1,LogonFailed,administrator,REDACTED IP,1
"3/27/2025, 3:42:48.200 AM",windows-target-1,LogonFailed,administrator,REDACTED IP,1
"3/27/2025, 3:42:48.726 AM",windows-target-1,LogonFailed,administrator,REDACTED IP,1
"3/27/2025, 3:42:49.798 AM",windows-target-1,LogonFailed,registro,REDACTED IP,1
"3/27/2025, 3:42:50.648 AM",windows-target-1,LogonFailed,kt03,REDACTED IP,1
"3/27/2025, 3:42:50.808 AM",windows-target-1,LogonFailed,administrator,REDACTED IP,1
"3/27/2025, 3:42:54.432 AM",windows-target-1,LogonFailed,administrator,REDACTED IP,1
"3/27/2025, 3:42:55.053 AM",windows-target-1,LogonFailed,micros,REDACTED IP,1
"3/27/2025, 3:42:58.567 AM",windows-target-1,LogonFailed,82064,REDACTED IP,1
"3/27/2025, 3:42:59.967 AM",windows-target-1,LogonFailed,op1,REDACTED IP,1
"3/27/2025, 3:43:00.663 AM",windows-target-1,LogonFailed,administrator,REDACTED IP,1
"3/27/2025, 3:43:12.748 AM",windows-target-1,LogonFailed,administrator,REDACTED IP,1
"3/27/2025, 3:43:21.236 AM",windows-target-1,LogonFailed,administrator,REDACTED IP,1
"3/27/2025, 3:43:21.339 AM",windows-target-1,LogonFailed,administrator,REDACTED IP,1
"3/27/2025, 3:43:21.479 AM",windows-target-1,LogonFailed,lorena,REDACTED IP,1
"3/27/2025, 3:43:21.480 AM",windows-target-1,LogonFailed,mohammadi,REDACTED IP,1
"3/27/2025, 3:43:21.700 AM",windows-target-1,LogonFailed,ceo,REDACTED IP,1
"3/27/2025, 3:43:22.572 AM",windows-target-1,LogonFailed,administrator,REDACTED IP,1
"3/27/2025, 3:43:23.662 AM",windows-target-1,LogonFailed,administrator,REDACTED IP,1
"3/27/2025, 3:43:24.595 AM",windows-target-1,LogonFailed,queshift,REDACTED IP,1
"3/27/2025, 3:43:25.762 AM",windows-target-1,LogonFailed,jairo.henn,REDACTED IP,1
"3/27/2025, 3:43:25.930 AM",windows-target-1,LogonFailed,admn,REDACTED IP,1
"3/27/2025, 3:43:34.985 AM",windows-target-1,LogonFailed,administrator,REDACTED IP,1
"4/1/2025, 3:33:06.251 AM",windows-target-1,LogonFailed,administrator,REDACTED IP,1
"4/1/2025, 3:33:06.831 AM",windows-target-1,LogonFailed,administrator,REDACTED IP,1
"4/1/2025, 3:33:09.087 AM",windows-target-1,LogonFailed,entersoftz,REDACTED IP,1
"4/1/2025, 3:33:11.390 AM",windows-target-1,LogonFailed,administrator,REDACTED IP,1
"4/1/2025, 3:33:19.053 AM",windows-target-1,LogonFailed,administrator,REDACTED IP,1
"4/1/2025, 3:33:21.350 AM",windows-target-1,LogonFailed,user,REDACTED IP,1
"4/1/2025, 3:33:26.883 AM",windows-target-1,LogonFailed,administrator,REDACTED IP,1
"4/1/2025, 3:33:27.327 AM",windows-target-1,LogonFailed,administrator,REDACTED IP,1
"4/1/2025, 3:33:32.991 AM",windows-target-1,LogonFailed,administrator,REDACTED IP,1
"4/1/2025, 3:33:33.197 AM",windows-target-1,LogonFailed,lola,REDACTED IP,1
"4/1/2025, 3:33:33.215 AM",windows-target-1,LogonFailed,medifaire,REDACTED IP,1
"4/1/2025, 3:33:40.640 AM",windows-target-1,LogonFailed,user,REDACTED IP,1
"4/1/2025, 3:33:45.477 AM",windows-target-1,LogonFailed,administrator,REDACTED IP,1
"4/1/2025, 3:33:49.528 AM",windows-target-1,LogonFailed,administrator,REDACTED IP,1
"4/1/2025, 3:33:52.109 AM",windows-target-1,LogonFailed,administrator,REDACTED IP,1
"4/1/2025, 3:33:53.304 AM",windows-target-1,LogonFailed,administrator,REDACTED IP,1
"4/1/2025, 3:33:54.808 AM",windows-target-1,LogonFailed,attentioi,REDACTED IP,1
"4/1/2025, 3:33:56.800 AM",windows-target-1,LogonFailed,administrator,REDACTED IP,1
"4/1/2025, 3:34:02.629 AM",windows-target-1,LogonFailed,administrator,REDACTED IP,1
"4/1/2025, 3:34:07.489 AM",windows-target-1,LogonFailed,administrator,REDACTED IP,1
"4/1/2025, 3:34:08.914 AM",windows-target-1,LogonFailed,administrator,REDACTED IP,1
"4/1/2025, 3:34:09.150 AM",windows-target-1,LogonFailed,administrator,REDACTED IP,1
"4/1/2025, 3:34:14.238 AM",windows-target-1,LogonFailed,administrator,REDACTED IP,1
"4/1/2025, 3:34:15.280 AM",windows-target-1,LogonFailed,administrator,REDACTED IP,1
"4/1/2025, 3:34:15.991 AM",windows-target-1,LogonFailed,jmlaunay,REDACTED IP,1
"4/1/2025, 3:34:24.147 AM",windows-target-1,LogonFailed,administrator,REDACTED IP,1
"4/1/2025, 3:34:26.271 AM",windows-target-1,LogonFailed,admin,REDACTED IP,1
"4/1/2025, 3:34:32.414 AM",windows-target-1,LogonFailed,administrator,REDACTED IP,1
"4/1/2025, 3:34:33.742 AM",windows-target-1,LogonFailed,administrator,REDACTED IP,1
"4/1/2025, 3:34:37.490 AM",windows-target-1,LogonFailed,administrator,REDACTED IP,1
"4/1/2025, 3:34:38.351 AM",windows-target-1,LogonFailed,designer,REDACTED IP,1
"4/1/2025, 3:34:44.213 AM",windows-target-1,LogonFailed,administrator,REDACTED IP,1
"4/1/2025, 3:34:51.783 AM",windows-target-1,LogonFailed,administrator,REDACTED IP,1
"4/1/2025, 3:34:58.172 AM",windows-target-1,LogonFailed,administrator,REDACTED IP,1
"4/1/2025, 3:34:58.339 AM",windows-target-1,LogonFailed,admin,REDACTED IP,1
"4/1/2025, 3:35:00.680 AM",windows-target-1,LogonFailed,123ttr1,REDACTED IP,1
"4/1/2025, 3:35:02.502 AM",windows-target-1,LogonFailed,administrator,REDACTED IP,1
"4/1/2025, 3:35:04.496 AM",windows-target-1,LogonFailed,administrator,REDACTED IP,1
"4/1/2025, 3:35:10.631 AM",windows-target-1,LogonFailed,administrator,REDACTED IP,1
"4/1/2025, 3:35:11.658 AM",windows-target-1,LogonFailed,administrator,REDACTED IP,1
"4/1/2025, 3:35:14.129 AM",windows-target-1,LogonFailed,admin,REDACTED IP,1
"4/1/2025, 3:35:16.126 AM",windows-target-1,LogonFailed,operator,REDACTED IP,1
"4/1/2025, 3:38:07.455 AM",windows-target-1,LogonFailed,administrator,REDACTED IP,1
"4/1/2025, 3:38:12.210 AM",windows-target-1,LogonFailed,administrator,REDACTED IP,1
"4/1/2025, 3:38:15.422 AM",windows-target-1,LogonFailed,administrator,REDACTED IP,1
"4/1/2025, 3:38:19.128 AM",windows-target-1,LogonFailed,administrator,REDACTED IP,1
"4/1/2025, 3:38:20.062 AM",windows-target-1,LogonFailed,barman,REDACTED IP,1
"4/1/2025, 3:38:20.100 AM",windows-target-1,LogonFailed,administrator,REDACTED IP,1
"4/1/2025, 3:38:21.976 AM",windows-target-1,LogonFailed,administrator,REDACTED IP,1
"4/1/2025, 3:38:23.981 AM",windows-target-1,LogonFailed,administrator,REDACTED IP,1
"4/1/2025, 3:38:28.784 AM",windows-target-1,LogonFailed,administrator,REDACTED IP,1
"4/1/2025, 3:38:33.462 AM",windows-target-1,LogonFailed,ajay,REDACTED IP,1
"4/1/2025, 3:38:35.444 AM",windows-target-1,LogonFailed,administrator,REDACTED IP,1
"4/1/2025, 3:38:40.466 AM",windows-target-1,LogonFailed,administrator,REDACTED IP,1
"4/1/2025, 3:38:40.798 AM",windows-target-1,LogonFailed,jonah,REDACTED IP,1
"4/1/2025, 3:38:42.841 AM",windows-target-1,LogonFailed,un_adm,REDACTED IP,1
"4/1/2025, 3:38:43.181 AM",windows-target-1,LogonFailed,administrator,REDACTED IP,1
"4/1/2025, 3:38:43.726 AM",windows-target-1,LogonFailed,administrator,REDACTED IP,1
"4/1/2025, 3:38:48.410 AM",windows-target-1,LogonFailed,admin,REDACTED IP,1
"4/1/2025, 3:38:49.889 AM",windows-target-1,LogonFailed,administrator,REDACTED IP,1
"4/1/2025, 3:38:55.748 AM",windows-target-1,LogonFailed,administrator,REDACTED IP,1
"4/1/2025, 3:38:56.930 AM",windows-target-1,LogonFailed,guest,REDACTED IP,1
"4/1/2025, 3:38:59.723 AM",windows-target-1,LogonFailed,administrator,REDACTED IP,1
"4/1/2025, 3:39:00.874 AM",windows-target-1,LogonFailed,administrator,REDACTED IP,1
"4/1/2025, 3:39:03.571 AM",windows-target-1,LogonFailed,administrator,REDACTED IP,1
"4/1/2025, 3:39:03.852 AM",windows-target-1,LogonFailed,vetal_1,REDACTED IP,1
"4/1/2025, 3:39:06.351 AM",windows-target-1,LogonFailed,admin,REDACTED IP,1
"4/1/2025, 3:39:09.711 AM",windows-target-1,LogonFailed,administrator,REDACTED IP,1
"4/1/2025, 3:39:14.867 AM",windows-target-1,LogonFailed,administrator,REDACTED IP,1
"4/1/2025, 3:39:21.741 AM",windows-target-1,LogonFailed,administrator,REDACTED IP,1
"4/1/2025, 3:39:24.768 AM",windows-target-1,LogonFailed,admin,REDACTED IP,1
"4/1/2025, 3:39:26.898 AM",windows-target-1,LogonFailed,guvue42a,REDACTED IP,1
"4/1/2025, 3:39:28.054 AM",windows-target-1,LogonFailed,administrator,REDACTED IP,1
"4/1/2025, 3:39:41.918 AM",windows-target-1,LogonFailed,user,REDACTED IP,1
"4/1/2025, 3:43:07.952 AM",windows-target-1,LogonFailed,huttova,REDACTED IP,1
"4/1/2025, 3:43:09.324 AM",windows-target-1,LogonFailed,admin,REDACTED IP,1
"4/1/2025, 3:43:14.591 AM",windows-target-1,LogonFailed,admin,REDACTED IP,1
"4/1/2025, 3:43:20.579 AM",windows-target-1,LogonFailed,admin,REDACTED IP,1
"4/1/2025, 3:43:26.663 AM",windows-target-1,LogonFailed,admin,REDACTED IP,1
"4/1/2025, 3:43:29.015 AM",windows-target-1,LogonFailed,admin,REDACTED IP,1
"4/1/2025, 3:43:29.756 AM",windows-target-1,LogonFailed,polak,REDACTED IP,1
"4/1/2025, 3:43:30.895 AM",windows-target-1,LogonFailed,admin,REDACTED IP,1
"4/1/2025, 3:43:31.474 AM",windows-target-1,LogonFailed,mangtha,REDACTED IP,1
"4/1/2025, 3:43:34.682 AM",windows-target-1,LogonFailed,admin,REDACTED IP,1
"4/1/2025, 3:43:35.247 AM",windows-target-1,LogonFailed,administrator,REDACTED IP,1
"4/1/2025, 3:43:37.570 AM",windows-target-1,LogonFailed,test,REDACTED IP,1
"4/1/2025, 3:43:37.888 AM",windows-target-1,LogonFailed,admin,REDACTED IP,1
"4/1/2025, 3:43:40.292 AM",windows-target-1,LogonFailed,administrator,REDACTED IP,1
"4/1/2025, 3:43:41.349 AM",windows-target-1,LogonFailed,administrator,REDACTED IP,1
"4/1/2025, 3:43:41.838 AM",windows-target-1,LogonFailed,salisbury,REDACTED IP,1
"4/1/2025, 3:43:42.172 AM",windows-target-1,LogonFailed,administrator,REDACTED IP,1
"4/1/2025, 3:43:42.196 AM",windows-target-1,LogonFailed,admin,REDACTED IP,1
"4/1/2025, 3:43:44.011 AM",windows-target-1,LogonFailed,administrator,REDACTED IP,1
"4/1/2025, 3:43:44.250 AM",windows-target-1,LogonFailed,administrator,REDACTED IP,1
"4/1/2025, 3:43:45.865 AM",windows-target-1,LogonFailed,administrator,REDACTED IP,1
"4/1/2025, 3:43:47.696 AM",windows-target-1,LogonFailed,admin,REDACTED IP,1
"4/1/2025, 3:43:47.954 AM",windows-target-1,LogonFailed,administrator,REDACTED IP,1
"4/1/2025, 3:43:49.978 AM",windows-target-1,LogonFailed,administrator,REDACTED IP,1
"4/1/2025, 3:43:52.103 AM",windows-target-1,LogonFailed,administrator,REDACTED IP,1
"4/1/2025, 3:43:53.109 AM",windows-target-1,LogonFailed,admin,REDACTED IP,1
"3/30/2025, 3:32:55.021 AM",windows-target-1,LogonFailed,administrator,REDACTED IP,1
"3/30/2025, 3:32:55.383 AM",windows-target-1,LogonFailed,administrator,REDACTED IP,1
"3/30/2025, 3:32:56.329 AM",windows-target-1,LogonFailed,administrator,REDACTED IP,1
"3/30/2025, 3:32:56.394 AM",windows-target-1,LogonFailed,admin,REDACTED IP,1
"3/30/2025, 3:32:56.966 AM",windows-target-1,LogonFailed,admin,REDACTED IP,1
"3/30/2025, 3:32:58.847 AM",windows-target-1,LogonFailed,admin,REDACTED IP,1
"3/30/2025, 3:32:59.461 AM",windows-target-1,LogonFailed,administrator,REDACTED IP,1
"3/30/2025, 3:33:00.927 AM",windows-target-1,LogonFailed,admin,REDACTED IP,1
"3/30/2025, 3:33:00.960 AM",windows-target-1,LogonFailed,administrator,REDACTED IP,1
"3/30/2025, 3:33:01.257 AM",windows-target-1,LogonFailed,admin,REDACTED IP,1
"3/30/2025, 3:33:03.225 AM",windows-target-1,LogonFailed,administrator,REDACTED IP,1
"3/30/2025, 3:33:03.585 AM",windows-target-1,LogonFailed,admin,REDACTED IP,1
"3/30/2025, 3:33:04.391 AM",windows-target-1,LogonFailed,administrator,REDACTED IP,1
"3/30/2025, 3:33:04.410 AM",windows-target-1,LogonFailed,admin,REDACTED IP,1
"3/30/2025, 3:33:05.678 AM",windows-target-1,LogonFailed,administrator,REDACTED IP,1
"3/30/2025, 3:33:06.666 AM",windows-target-1,LogonFailed,administrator,REDACTED IP,1
"3/30/2025, 3:33:06.708 AM",windows-target-1,LogonFailed,admin,REDACTED IP,1
"3/30/2025, 3:33:07.037 AM",windows-target-1,LogonFailed,administrator,REDACTED IP,1
"3/30/2025, 3:33:10.448 AM",windows-target-1,LogonFailed,administrator,REDACTED IP,1
"3/30/2025, 3:33:10.448 AM",windows-target-1,LogonFailed,admin,REDACTED IP,1
"3/30/2025, 3:33:11.549 AM",windows-target-1,LogonFailed,administrator,REDACTED IP,1
"3/30/2025, 3:33:11.896 AM",windows-target-1,LogonFailed,admin,REDACTED IP,1
"3/30/2025, 3:33:12.475 AM",windows-target-1,LogonFailed,administrator,REDACTED IP,1
"3/30/2025, 3:33:12.680 AM",windows-target-1,LogonFailed,administrator,REDACTED IP,1
"3/30/2025, 3:33:12.799 AM",windows-target-1,LogonFailed,admin,REDACTED IP,1
"3/30/2025, 3:33:13.566 AM",windows-target-1,LogonFailed,jobs,REDACTED IP,1
"3/30/2025, 3:33:15.126 AM",windows-target-1,LogonFailed,administrator,REDACTED IP,1
"3/30/2025, 3:33:15.285 AM",windows-target-1,LogonFailed,admin,REDACTED IP,1
"3/30/2025, 3:33:17.229 AM",windows-target-1,LogonFailed,administrator,REDACTED IP,1
"3/30/2025, 3:33:17.515 AM",windows-target-1,LogonFailed,administrator,REDACTED IP,1
"3/30/2025, 3:33:17.777 AM",windows-target-1,LogonFailed,admin,REDACTED IP,1
"3/30/2025, 3:33:18.026 AM",windows-target-1,LogonFailed,admin,REDACTED IP,1
"3/30/2025, 3:33:19.489 AM",windows-target-1,LogonFailed,admin,REDACTED IP,1
"3/30/2025, 3:33:19.567 AM",windows-target-1,LogonFailed,administrator,REDACTED IP,1
"3/30/2025, 3:33:20.031 AM",windows-target-1,LogonFailed,administrator,REDACTED IP,1
"3/30/2025, 3:33:20.172 AM",windows-target-1,LogonFailed,admin,REDACTED IP,1
"3/30/2025, 3:33:20.954 AM",windows-target-1,LogonFailed,administrator,REDACTED IP,1
"3/30/2025, 3:33:20.957 AM",windows-target-1,LogonFailed,admin,REDACTED IP,1
"3/30/2025, 3:33:22.311 AM",windows-target-1,LogonFailed,administrator,REDACTED IP,1
"3/30/2025, 3:33:23.280 AM",windows-target-1,LogonFailed,administrator,REDACTED IP,1
"3/30/2025, 3:33:23.524 AM",windows-target-1,LogonFailed,admin,REDACTED IP,1
"3/30/2025, 3:33:25.402 AM",windows-target-1,LogonFailed,administrator,REDACTED IP,1
"3/30/2025, 3:37:54.101 AM",windows-target-1,LogonFailed,admin,REDACTED IP,1
"3/30/2025, 3:37:54.923 AM",windows-target-1,LogonFailed,administrator,REDACTED IP,1
"3/30/2025, 3:37:54.923 AM",windows-target-1,LogonFailed,admin,REDACTED IP,1
"3/30/2025, 3:37:56.110 AM",windows-target-1,LogonFailed,admin,REDACTED IP,1
"3/30/2025, 3:37:57.811 AM",windows-target-1,LogonFailed,administrator,REDACTED IP,1
"3/30/2025, 3:37:58.113 AM",windows-target-1,LogonFailed,admin,REDACTED IP,1
"3/30/2025, 3:37:58.116 AM",windows-target-1,LogonFailed,administrator,REDACTED IP,1
"3/30/2025, 3:37:59.397 AM",windows-target-1,LogonFailed,administrator,REDACTED IP,1
"3/30/2025, 3:38:02.092 AM",windows-target-1,LogonFailed,admin,REDACTED IP,1
"3/30/2025, 3:38:02.092 AM",windows-target-1,LogonFailed,administrator,REDACTED IP,1
"3/30/2025, 3:38:03.887 AM",windows-target-1,LogonFailed,administrator,REDACTED IP,1
"3/30/2025, 3:38:03.901 AM",windows-target-1,LogonFailed,administrator,REDACTED IP,1
"3/30/2025, 3:38:04.366 AM",windows-target-1,LogonFailed,administrator,REDACTED IP,1
"3/30/2025, 3:38:04.792 AM",windows-target-1,LogonFailed,administrator,REDACTED IP,1
"3/30/2025, 3:38:05.242 AM",windows-target-1,LogonFailed,administrator,REDACTED IP,1
"3/30/2025, 3:38:05.383 AM",windows-target-1,LogonFailed,administrator,REDACTED IP,1
"3/30/2025, 3:38:06.039 AM",windows-target-1,LogonFailed,administrator,REDACTED IP,1
"3/30/2025, 3:38:06.040 AM",windows-target-1,LogonFailed,admin,REDACTED IP,1
"3/30/2025, 3:38:06.208 AM",windows-target-1,LogonFailed,theodore,REDACTED IP,1
"3/30/2025, 3:38:08.143 AM",windows-target-1,LogonFailed,administrator,REDACTED IP,1
"3/30/2025, 3:38:08.407 AM",windows-target-1,LogonFailed,admin,REDACTED IP,1
"3/30/2025, 3:38:08.421 AM",windows-target-1,LogonFailed,administrator,REDACTED IP,1
"3/30/2025, 3:38:09.864 AM",windows-target-1,LogonFailed,administrator,REDACTED IP,1
"3/30/2025, 3:38:10.072 AM",windows-target-1,LogonFailed,administrator,REDACTED IP,1
"3/30/2025, 3:38:10.237 AM",windows-target-1,LogonFailed,admin,REDACTED IP,1
"3/30/2025, 3:38:10.974 AM",windows-target-1,LogonFailed,administrator,REDACTED IP,1
"3/30/2025, 3:38:10.974 AM",windows-target-1,LogonFailed,admin,REDACTED IP,1
"3/30/2025, 3:38:12.924 AM",windows-target-1,LogonFailed,administrator,REDACTED IP,1
"3/30/2025, 3:38:12.930 AM",windows-target-1,LogonFailed,admin,REDACTED IP,1
"3/30/2025, 3:38:13.461 AM",windows-target-1,LogonFailed,administrator,REDACTED IP,1
"3/30/2025, 3:38:14.013 AM",windows-target-1,LogonFailed,admin,REDACTED IP,1
"3/30/2025, 3:38:15.812 AM",windows-target-1,LogonFailed,admin,REDACTED IP,1
"3/30/2025, 3:42:52.771 AM",windows-target-1,LogonFailed,admin,REDACTED IP,1
"3/30/2025, 3:42:52.835 AM",windows-target-1,LogonFailed,admin,REDACTED IP,1
"3/30/2025, 3:42:53.500 AM",windows-target-1,LogonFailed,admin,REDACTED IP,1
"3/30/2025, 3:42:55.141 AM",windows-target-1,LogonFailed,admin,REDACTED IP,1
"3/30/2025, 3:42:56.350 AM",windows-target-1,LogonFailed,admin,REDACTED IP,1
"3/30/2025, 3:42:56.973 AM",windows-target-1,LogonFailed,admin,REDACTED IP,1
"3/30/2025, 3:42:57.792 AM",windows-target-1,LogonFailed,admin,REDACTED IP,1
"3/30/2025, 3:42:58.419 AM",windows-target-1,LogonFailed,administrator,REDACTED IP,1
"3/30/2025, 3:42:58.498 AM",windows-target-1,LogonFailed,admin,REDACTED IP,1
"3/30/2025, 3:42:59.377 AM",windows-target-1,LogonFailed,admin,REDACTED IP,1
"3/30/2025, 3:42:59.707 AM",windows-target-1,LogonFailed,administrator,REDACTED IP,1
"3/30/2025, 3:43:01.015 AM",windows-target-1,LogonFailed,admin,REDACTED IP,1
"3/30/2025, 3:43:01.459 AM",windows-target-1,LogonFailed,admin,REDACTED IP,1
"3/30/2025, 3:43:01.539 AM",windows-target-1,LogonFailed,administrator,REDACTED IP,1
"3/30/2025, 3:43:01.591 AM",windows-target-1,LogonFailed,administrator,REDACTED IP,1
"3/30/2025, 3:43:04.887 AM",windows-target-1,LogonFailed,administrator,REDACTED IP,1
"3/30/2025, 3:43:06.950 AM",windows-target-1,LogonFailed,administrator,REDACTED IP,1
"3/30/2025, 3:43:09.520 AM",windows-target-1,LogonFailed,harvey,REDACTED IP,1
"3/30/2025, 3:43:09.637 AM",windows-target-1,LogonFailed,administrator,REDACTED IP,1
"3/30/2025, 3:43:19.216 AM",windows-target-1,LogonFailed,administrator,REDACTED IP,1
"3/30/2025, 3:43:19.541 AM",windows-target-1,LogonFailed,user,REDACTED IP,1
"3/30/2025, 3:43:21.825 AM",windows-target-1,LogonFailed,administrator,REDACTED IP,1
"3/30/2025, 3:43:23.122 AM",windows-target-1,LogonFailed,administrator,REDACTED IP,1
"3/30/2025, 3:43:23.500 AM",windows-target-1,LogonFailed,administrator,REDACTED IP,1
"3/30/2025, 3:43:23.576 AM",windows-target-1,LogonFailed,administrator,REDACTED IP,1
"3/30/2025, 3:43:25.960 AM",windows-target-1,LogonFailed,administrator,REDACTED IP,1
