RemoteIP,DeviceName,ActionType,AccountName,total_connections
REDACTED IP,windows-target-1,LogonFailed,administrator,32
REDACTED IP,windows-target-1,LogonFailed,administrator,115
REDACTED IP,windows-target-1,LogonFailed,administrator,16
REDACTED IP,windows-target-1,LogonFailed,administrator,6
REDACTED IP,windows-target-1,LogonFailed,administrator,8
REDACTED IP,windows-target-1,LogonFailed,administrator,1
REDACTED IP,windows-target-1,LogonFailed,administrator,6
REDACTED IP,windows-target-1,LogonFailed,administrator,34
REDACTED IP,windows-target-1,LogonFailed,admin,13
REDACTED IP,windows-target-1,LogonFailed,administrator,10
REDACTED IP,windows-target-1,LogonFailed,administrator,21
REDACTED IP,windows-target-1,LogonFailed,administrator,12
REDACTED IP,windows-target-1,LogonFailed,administrator,2
REDACTED IP,windows-target-1,LogonFailed,administrator,3
REDACTED IP,windows-target-1,LogonFailed,admin,8
REDACTED IP,windows-target-1,LogonFailed,administrator,3
REDACTED IP,windows-target-1,LogonFailed,auditor1,1
REDACTED IP,windows-target-1,LogonFailed,administrator,10
REDACTED IP,windows-target-1,LogonFailed,administrator,7
REDACTED IP,windows-target-1,LogonFailed,administrator,8
REDACTED IP,windows-target-1,LogonFailed,admin,6
REDACTED IP,windows-target-1,LogonFailed,auditor2,1
REDACTED IP,windows-target-1,LogonFailed,administrator,5
REDACTED IP,windows-target-1,LogonFailed,administrator,10
REDACTED IP,windows-target-1,LogonFailed,administrator,8
REDACTED IP,windows-target-1,LogonFailed,administrator,6
REDACTED IP,windows-target-1,LogonFailed,sales,1
REDACTED IP,windows-target-1,LogonFailed,avv,1
REDACTED IP,windows-target-1,LogonFailed,administrator,8
REDACTED IP,windows-target-1,LogonFailed,administrator,1
REDACTED IP,windows-target-1,LogonFailed,administrator,3
REDACTED IP,windows-target-1,LogonFailed,administrator,2
REDACTED IP,windows-target-1,LogonFailed,administrator,12
REDACTED IP,windows-target-1,LogonFailed,awsuser,1
REDACTED IP,windows-target-1,LogonFailed,administrator,4
REDACTED IP,windows-target-1,LogonFailed,admin,5
REDACTED IP,windows-target-1,LogonFailed,user4,2
REDACTED IP,windows-target-1,LogonFailed,administrator,10
REDACTED IP,windows-target-1,LogonFailed,administrator,2
REDACTED IP,windows-target-1,LogonFailed,administrator,8
REDACTED IP,windows-target-1,LogonFailed,admin,1
REDACTED IP,windows-target-1,LogonFailed,administrator,3
REDACTED IP,windows-target-1,LogonFailed,administrator,3
REDACTED IP,windows-target-1,LogonFailed,azam,1
REDACTED IP,windows-target-1,LogonFailed,administrator,3
REDACTED IP,windows-target-1,LogonFailed,gans,1
REDACTED IP,windows-target-1,LogonFailed,azmi,1
REDACTED IP,windows-target-1,LogonFailed,azureuser,2
REDACTED IP,windows-target-1,LogonFailed,debora,1
REDACTED IP,windows-target-1,LogonFailed,babylone3,1
REDACTED IP,windows-target-1,LogonFailed,admin,1
REDACTED IP,windows-target-1,LogonFailed,administrator,52
REDACTED IP,windows-target-1,LogonFailed,sonia,1
REDACTED IP,windows-target-1,LogonFailed,administrator,7
REDACTED IP,windows-target-1,LogonFailed,administrator,19
REDACTED IP,windows-target-1,LogonFailed,administrator,27
REDACTED IP,windows-target-1,LogonFailed,serveradmin,1
REDACTED IP,windows-target-1,LogonFailed,administrator,8
REDACTED IP,windows-target-1,LogonFailed,administrator,13
REDACTED IP,windows-target-1,LogonFailed,todd,1
REDACTED IP,windows-target-1,LogonFailed,administrator,7
REDACTED IP,windows-target-1,LogonFailed,administrator,9
REDACTED IP,windows-target-1,LogonFailed,puac,1
REDACTED IP,windows-target-1,LogonFailed,administrator,10
REDACTED IP,windows-target-1,LogonFailed,administrator,7
REDACTED IP,windows-target-1,LogonFailed,administrator,11
REDACTED IP,windows-target-1,LogonFailed,lincoln,2
REDACTED IP,windows-target-1,LogonFailed,jyzd,1
REDACTED IP,windows-target-1,LogonFailed,dean,1
REDACTED IP,windows-target-1,LogonFailed,rastreo,1
REDACTED IP,windows-target-1,LogonFailed,default,1
REDACTED IP,windows-target-1,LogonFailed,localgroup,1
REDACTED IP,windows-target-1,LogonFailed,administrator,2
REDACTED IP,windows-target-1,LogonFailed,administrator,1
REDACTED IP,windows-target-1,LogonFailed,judy,1
REDACTED IP,windows-target-1,LogonFailed,administrateur,3
REDACTED IP,windows-target-1,LogonFailed,support,1
REDACTED IP,windows-target-1,LogonFailed,lichfield,2
REDACTED IP,windows-target-1,LogonFailed,administrator,1
REDACTED IP,windows-target-1,LogonFailed,temp,1
REDACTED IP,windows-target-1,LogonFailed,acronis agent user,1
REDACTED IP,windows-target-1,LogonFailed,wtamanager,1
REDACTED IP,windows-target-1,LogonFailed,administrator,7
REDACTED IP,windows-target-1,LogonFailed,administrator,11
REDACTED IP,windows-target-1,LogonFailed,newuser,1
REDACTED IP,windows-target-1,LogonFailed,office,1
REDACTED IP,windows-target-1,LogonFailed,defaultaccount,1
REDACTED IP,windows-target-1,LogonFailed,sterling,1
REDACTED IP,windows-target-1,LogonFailed,mahawar,1
REDACTED IP,windows-target-1,LogonFailed,admin,23
REDACTED IP,windows-target-1,LogonFailed,administrator,9
REDACTED IP,windows-target-1,LogonFailed,administrator,25
REDACTED IP,windows-target-1,LogonFailed,administrator,1
REDACTED IP,windows-target-1,LogonFailed,administrator,1
REDACTED IP,windows-target-1,LogonFailed,administrator,5
REDACTED IP,windows-target-1,LogonFailed,administrator,18
REDACTED IP,windows-target-1,LogonFailed,administrator,9
REDACTED IP,windows-target-1,LogonFailed,administrator,5
REDACTED IP,windows-target-1,LogonFailed,admin,2
REDACTED IP,windows-target-1,LogonFailed,administrator,5
REDACTED IP,windows-target-1,LogonFailed,administrator,2
REDACTED IP,windows-target-1,LogonFailed,administrator,3
REDACTED IP,windows-target-1,LogonFailed,mahmood,1
REDACTED IP,windows-target-1,LogonFailed,administrator,2
REDACTED IP,windows-target-1,LogonFailed,administrator,6
REDACTED IP,windows-target-1,LogonFailed,administrator,2
REDACTED IP,windows-target-1,LogonFailed,administrator,1
REDACTED IP,windows-target-1,LogonFailed,administrator,2
REDACTED IP,windows-target-1,LogonFailed,frontdesk1,1
REDACTED IP,windows-target-1,LogonFailed,administrator,3
REDACTED IP,windows-target-1,LogonFailed,administrator,2
REDACTED IP,windows-target-1,LogonFailed,administrator,5
REDACTED IP,windows-target-1,LogonFailed,admin,25
REDACTED IP,windows-target-1,LogonFailed,administrator,7
REDACTED IP,windows-target-1,LogonFailed,administrator,4
REDACTED IP,windows-target-1,LogonFailed,administrator,1
REDACTED IP,windows-target-1,LogonFailed,administrator,2
REDACTED IP,windows-target-1,LogonFailed,malkov,1
REDACTED IP,windows-target-1,LogonFailed,sys,1
REDACTED IP,windows-target-1,LogonFailed,man,1
REDACTED IP,windows-target-1,LogonFailed,administrator,2
REDACTED IP,windows-target-1,LogonFailed,dsnvsuser,1
REDACTED IP,windows-target-1,LogonFailed,administrator,4
REDACTED IP,windows-target-1,LogonFailed,administrator,2
REDACTED IP,windows-target-1,LogonFailed,administrator,3
REDACTED IP,windows-target-1,LogonFailed,administrator,6
REDACTED IP,windows-target-1,LogonFailed,administrator,1
REDACTED IP,windows-target-1,LogonFailed,administrator,9
REDACTED IP,windows-target-1,LogonFailed,administrator,1
REDACTED IP,windows-target-1,LogonFailed,administrator,1
REDACTED IP,windows-target-1,LogonFailed,administrator,1
REDACTED IP,windows-target-1,LogonFailed,administrator,2
REDACTED IP,windows-target-1,LogonFailed,administrator,1
REDACTED IP,windows-target-1,LogonFailed,administrator,13
REDACTED IP,windows-target-1,LogonFailed,administrator,1
REDACTED IP,windows-target-1,LogonFailed,administrator,1
REDACTED IP,windows-target-1,LogonFailed,administrator,1
REDACTED IP,windows-target-1,LogonFailed,administrator,1
REDACTED IP,windows-target-1,LogonFailed,administrator,4
REDACTED IP,windows-target-1,LogonFailed,max,1
REDACTED IP,windows-target-1,LogonFailed,operator9,1
REDACTED IP,windows-target-1,LogonFailed,scanner,1
REDACTED IP,windows-target-1,LogonFailed,opt,1
REDACTED IP,windows-target-1,LogonFailed,angel,1
REDACTED IP,windows-target-1,LogonFailed,scannedjser,1
REDACTED IP,windows-target-1,LogonFailed,harlow,1
REDACTED IP,windows-target-1,LogonFailed,tgadmin,1
REDACTED IP,windows-target-1,LogonFailed,petrova,1
REDACTED IP,windows-target-1,LogonFailed,administrator,6
REDACTED IP,windows-target-1,LogonFailed,mosebachll,1
REDACTED IP,windows-target-1,LogonFailed,csatech,1
REDACTED IP,windows-target-1,LogonFailed,administrator,19
REDACTED IP,windows-target-1,LogonFailed,soeadmin,1
REDACTED IP,windows-target-1,LogonFailed,ateam,1
REDACTED IP,windows-target-1,LogonFailed,xp,1
REDACTED IP,windows-target-1,LogonFailed,tmt,1
REDACTED IP,windows-target-1,LogonFailed,lq,1
REDACTED IP,windows-target-1,LogonFailed,martin,1
REDACTED IP,windows-target-1,LogonFailed,user,12
REDACTED IP,windows-target-1,LogonFailed,cogusef,1
REDACTED IP,windows-target-1,LogonFailed,user2,1
REDACTED IP,windows-target-1,LogonFailed,rubens,1
REDACTED IP,windows-target-1,LogonFailed,administrator,1
REDACTED IP,windows-target-1,LogonFailed,admin,5
REDACTED IP,windows-target-1,LogonFailed,cdcadminaws,1
REDACTED IP,windows-target-1,LogonFailed,rsisail,1
REDACTED IP,windows-target-1,LogonFailed,caja2,1
REDACTED IP,windows-target-1,LogonFailed,userldd,1
REDACTED IP,windows-target-1,LogonFailed,demo,4
REDACTED IP,windows-target-1,LogonFailed,mshafique,1
REDACTED IP,windows-target-1,LogonFailed,anichober,1
REDACTED IP,windows-target-1,LogonFailed,micciocpa,1
REDACTED IP,windows-target-1,LogonFailed,dispatcheruser,1
REDACTED IP,windows-target-1,LogonFailed,twisted,1
REDACTED IP,windows-target-1,LogonFailed,cmarcelino,1
REDACTED IP,windows-target-1,LogonFailed,jasper,1
REDACTED IP,windows-target-1,LogonFailed,judi,1
REDACTED IP,windows-target-1,LogonFailed,wari,1
REDACTED IP,windows-target-1,LogonFailed,aaladmin,1
REDACTED IP,windows-target-1,LogonFailed,admin,1
REDACTED IP,windows-target-1,LogonFailed,pseseafoods,1
REDACTED IP,windows-target-1,LogonFailed,escaneoiafa,1
REDACTED IP,windows-target-1,LogonFailed,samira,1
REDACTED IP,windows-target-1,LogonFailed,administrator,1
REDACTED IP,windows-target-1,LogonFailed,hp,13
REDACTED IP,windows-target-1,LogonFailed,sockwell,1
REDACTED IP,windows-target-1,LogonFailed,harv,1
REDACTED IP,windows-target-1,LogonFailed,asp.iis,1
REDACTED IP,windows-target-1,LogonFailed,vsnvr,1
REDACTED IP,windows-target-1,LogonFailed,administrator,2
REDACTED IP,windows-target-1,LogonFailed,cbox,1
REDACTED IP,windows-target-1,LogonFailed,administrator,3
REDACTED IP,windows-target-1,LogonFailed,dbkfadmin,1
REDACTED IP,windows-target-1,LogonFailed,administrator,3
REDACTED IP,windows-target-1,LogonFailed,ctac,1
REDACTED IP,windows-target-1,LogonFailed,barry,1
REDACTED IP,windows-target-1,LogonFailed,sukien3,1
REDACTED IP,windows-target-1,LogonFailed,mtcwnsend,1
REDACTED IP,windows-target-1,LogonFailed,orangeaed,1
REDACTED IP,windows-target-1,LogonFailed,rduser,1
REDACTED IP,windows-target-1,LogonFailed,jdm,1
REDACTED IP,windows-target-1,LogonFailed,tvu,1
REDACTED IP,windows-target-1,LogonFailed,amps,1
REDACTED IP,windows-target-1,LogonFailed,qentelli,1
REDACTED IP,windows-target-1,LogonFailed,pc,13
REDACTED IP,windows-target-1,LogonFailed,ep,1
REDACTED IP,windows-target-1,LogonFailed,sanchez,1
REDACTED IP,windows-target-1,LogonFailed,moustafa,1
REDACTED IP,windows-target-1,LogonFailed,bander,1
REDACTED IP,windows-target-1,LogonFailed,flconf,1
REDACTED IP,windows-target-1,LogonFailed,caleb,2
REDACTED IP,windows-target-1,LogonFailed,s2,1
REDACTED IP,windows-target-1,LogonFailed,lise,1
REDACTED IP,windows-target-1,LogonFailed,mddx,1
REDACTED IP,windows-target-1,LogonFailed,felgerhansvr,1
REDACTED IP,windows-target-1,LogonFailed,micropool,1
REDACTED IP,windows-target-1,LogonFailed,jaroslaw,1
REDACTED IP,windows-target-1,LogonFailed,administrator,30
REDACTED IP,windows-target-1,LogonFailed,admin,71
REDACTED IP,windows-target-1,LogonFailed,vpsadm,1
REDACTED IP,windows-target-1,LogonFailed,target,1
REDACTED IP,windows-target-1,LogonFailed,crm,1
REDACTED IP,windows-target-1,LogonFailed,administrator,4
REDACTED IP,windows-target-1,LogonFailed,user,4
REDACTED IP,windows-target-1,LogonFailed,makis,1
REDACTED IP,windows-target-1,LogonFailed,user,1
REDACTED IP,windows-target-1,LogonFailed,bestjeannot,1
REDACTED IP,windows-target-1,LogonFailed,administrator,4
REDACTED IP,windows-target-1,LogonFailed,admin,4
REDACTED IP,windows-target-1,LogonFailed,axum,1
REDACTED IP,windows-target-1,LogonFailed,statistik-login,1
REDACTED IP,windows-target-1,LogonFailed,administrator,1
REDACTED IP,windows-target-1,LogonFailed,admin,5
REDACTED IP,windows-target-1,LogonFailed,alvaro,1
REDACTED IP,windows-target-1,LogonFailed,guest,4
REDACTED IP,windows-target-1,LogonFailed,administrator,3
REDACTED IP,windows-target-1,LogonFailed,mild,1
REDACTED IP,windows-target-1,LogonFailed,test,1
REDACTED IP,windows-target-1,LogonFailed,mentes,1
REDACTED IP,windows-target-1,LogonFailed,administrator,6
REDACTED IP,windows-target-1,LogonFailed,direkte,1
REDACTED IP,windows-target-1,LogonFailed,administrator,4
REDACTED IP,windows-target-1,LogonFailed,rwintie,1
REDACTED IP,windows-target-1,LogonFailed,team,1
REDACTED IP,windows-target-1,LogonFailed,in:j,1
REDACTED IP,windows-target-1,LogonFailed,administrator,19
REDACTED IP,windows-target-1,LogonFailed,quest,66
REDACTED IP,windows-target-1,LogonFailed,comercial,1
REDACTED IP,windows-target-1,LogonFailed,administrator,13
REDACTED IP,windows-target-1,LogonFailed,administrator,4
REDACTED IP,windows-target-1,LogonFailed,administrator,13
REDACTED IP,windows-target-1,LogonFailed,escaner,1
REDACTED IP,windows-target-1,LogonFailed,administrator,7
REDACTED IP,windows-target-1,LogonFailed,admin,11
REDACTED IP,windows-target-1,LogonFailed,administrator,2
REDACTED IP,windows-target-1,LogonFailed,administrator,4
REDACTED IP,windows-target-1,LogonFailed,administrator,1
REDACTED IP,windows-target-1,LogonFailed,administrator,2
REDACTED IP,windows-target-1,LogonFailed,administrator,4
REDACTED IP,windows-target-1,LogonFailed,administrator,5
REDACTED IP,windows-target-1,LogonFailed,administrator,1
REDACTED IP,windows-target-1,LogonFailed,administrator,4
REDACTED IP,windows-target-1,LogonFailed,administrator,1
REDACTED IP,windows-target-1,LogonFailed,administrator,5
REDACTED IP,windows-target-1,LogonFailed,administrator,7
REDACTED IP,windows-target-1,LogonFailed,administrator,2
REDACTED IP,windows-target-1,LogonFailed,y枚netici,9
REDACTED IP,windows-target-1,LogonFailed,administrator,5
REDACTED IP,windows-target-1,LogonFailed,administrator,5
REDACTED IP,windows-target-1,LogonFailed,administrator,1
REDACTED IP,windows-target-1,LogonFailed,mreza,1
REDACTED IP,windows-target-1,LogonFailed,rrhh,1
REDACTED IP,windows-target-1,LogonFailed,guo,1
REDACTED IP,windows-target-1,LogonFailed,administrator,12
REDACTED IP,windows-target-1,LogonFailed,eliane,1
REDACTED IP,windows-target-1,LogonFailed,janis,1
REDACTED IP,windows-target-1,LogonFailed,ptctraininguser,1
REDACTED IP,windows-target-1,LogonFailed,administrator,3
REDACTED IP,windows-target-1,LogonFailed,shed,1
REDACTED IP,windows-target-1,LogonFailed,anjali,1
REDACTED IP,windows-target-1,LogonFailed,hscap,1
REDACTED IP,windows-target-1,LogonFailed,memory,1
REDACTED IP,windows-target-1,LogonFailed,acs-user,1
REDACTED IP,windows-target-1,LogonFailed,einstellpult,1
REDACTED IP,windows-target-1,LogonFailed,virtual,1
REDACTED IP,windows-target-1,LogonFailed,kadr,1
REDACTED IP,windows-target-1,LogonFailed,test,1
REDACTED IP,windows-target-1,LogonFailed,sas,1
REDACTED IP,windows-target-1,LogonFailed,shannon,1
REDACTED IP,windows-target-1,LogonFailed,natalie,1
REDACTED IP,windows-target-1,LogonFailed,sekretariat,1
REDACTED IP,windows-target-1,LogonFailed,maya,1
REDACTED IP,windows-target-1,LogonFailed,strekon,1
REDACTED IP,windows-target-1,LogonFailed,administrator,7
REDACTED IP,windows-target-1,LogonFailed,servis,1
REDACTED IP,windows-target-1,LogonFailed,rsa,1
REDACTED IP,windows-target-1,LogonFailed,printer1,1
REDACTED IP,windows-target-1,LogonFailed,ashuri,1
REDACTED IP,windows-target-1,LogonFailed,scheduler,1
REDACTED IP,windows-target-1,LogonFailed,wilson,1
REDACTED IP,windows-target-1,LogonFailed,sofi,1
REDACTED IP,windows-target-1,LogonFailed,stage,1
REDACTED IP,windows-target-1,LogonFailed,asp.iiss,1
REDACTED IP,windows-target-1,LogonFailed,debbie,1
REDACTED IP,windows-target-1,LogonFailed,administrador,1
REDACTED IP,windows-target-1,LogonFailed,succ,1
REDACTED IP,windows-target-1,LogonFailed,prezentacja,1
REDACTED IP,windows-target-1,LogonFailed,blechova,1
REDACTED IP,windows-target-1,LogonFailed,aurelie,1
REDACTED IP,windows-target-1,LogonFailed,carmen,1
REDACTED IP,windows-target-1,LogonFailed,mindy.quinn,1
REDACTED IP,windows-target-1,LogonFailed,consuelo,1
REDACTED IP,windows-target-1,LogonFailed,sky,1
REDACTED IP,windows-target-1,LogonFailed,nufuz,1
REDACTED IP,windows-target-1,LogonFailed,ccih,1
REDACTED IP,windows-target-1,LogonFailed,fwiplayer,1
REDACTED IP,windows-target-1,LogonFailed,ivano,1
REDACTED IP,windows-target-1,LogonFailed,paris,1
REDACTED IP,windows-target-1,LogonFailed,acsuser,1
REDACTED IP,windows-target-1,LogonFailed,planalto,1
REDACTED IP,windows-target-1,LogonFailed,gopal,1
REDACTED IP,windows-target-1,LogonFailed,koc3,1
REDACTED IP,windows-target-1,LogonFailed,john,1
REDACTED IP,windows-target-1,LogonFailed,gast,1
REDACTED IP,windows-target-1,LogonFailed,glisten-led.com,1
REDACTED IP,windows-target-1,LogonFailed,layer7,1
REDACTED IP,windows-target-1,LogonFailed,vpn_user,1
REDACTED IP,windows-target-1,LogonFailed,balie1,1
REDACTED IP,windows-target-1,LogonFailed,muthu,1
REDACTED IP,windows-target-1,LogonFailed,haven,1
REDACTED IP,windows-target-1,LogonFailed,ferdinand,1
REDACTED IP,windows-target-1,LogonFailed,ty,1
REDACTED IP,windows-target-1,LogonFailed,scans,1
REDACTED IP,windows-target-1,LogonFailed,share_test,1
REDACTED IP,windows-target-1,LogonFailed,topgun,1
REDACTED IP,windows-target-1,LogonFailed,administrator,1
REDACTED IP,windows-target-1,LogonFailed,ims.winteladmin,1
REDACTED IP,windows-target-1,LogonFailed,cindy,1
REDACTED IP,windows-target-1,LogonFailed,admin1,1
REDACTED IP,windows-target-1,LogonFailed,garantia,1
REDACTED IP,windows-target-1,LogonFailed,administrator,24
REDACTED IP,windows-target-1,LogonFailed,administrator,2
REDACTED IP,windows-target-1,LogonFailed,administrator,4
REDACTED IP,windows-target-1,LogonFailed,admin,1
REDACTED IP,windows-target-1,LogonFailed,mx,1
REDACTED IP,windows-target-1,LogonFailed,vmadmin,3
REDACTED IP,windows-target-1,LogonFailed,demouser,2
REDACTED IP,windows-target-1,LogonFailed,administrator,2
REDACTED IP,windows-target-1,LogonFailed,raich,1
REDACTED IP,windows-target-1,LogonFailed,administratör,1
REDACTED IP,windows-target-1,LogonFailed,azureuser,3
REDACTED IP,windows-target-1,LogonFailed,administrator,2
REDACTED IP,windows-target-1,LogonFailed,manager,1
REDACTED IP,windows-target-1,LogonFailed,demoadmin,2
REDACTED IP,windows-target-1,LogonFailed,demo,2
REDACTED IP,windows-target-1,LogonFailed,administrator,2
REDACTED IP,windows-target-1,LogonFailed,administrator,1
REDACTED IP,windows-target-1,LogonFailed,vm,2
REDACTED IP,windows-target-1,LogonFailed,administrator,2
REDACTED IP,windows-target-1,LogonFailed,administrator,1
REDACTED IP,windows-target-1,LogonFailed,vm1,2
REDACTED IP,windows-target-1,LogonFailed,administrator,3
REDACTED IP,windows-target-1,LogonFailed,zinkovskaya_v,1
REDACTED IP,windows-target-1,LogonFailed,vm2,3
REDACTED IP,windows-target-1,LogonFailed,administrator,3
REDACTED IP,windows-target-1,LogonFailed,user,4
REDACTED IP,windows-target-1,LogonFailed,administrator,3
REDACTED IP,windows-target-1,LogonFailed,sqlserver,4
REDACTED IP,windows-target-1,LogonFailed,iacaixal,1
REDACTED IP,windows-target-1,LogonFailed,sql,1
REDACTED IP,windows-target-1,LogonFailed,administrator,8
REDACTED IP,windows-target-1,LogonFailed,administrator,14
REDACTED IP,windows-target-1,LogonFailed,oakley,1
REDACTED IP,windows-target-1,LogonFailed,administrator,1
REDACTED IP,windows-target-1,LogonFailed,martinez,1
REDACTED IP,windows-target-1,LogonFailed,ftp,1
REDACTED IP,windows-target-1,LogonFailed,proj,1
REDACTED IP,windows-target-1,LogonFailed,darcy,1
REDACTED IP,windows-target-1,LogonFailed,server,1
REDACTED IP,windows-target-1,LogonFailed,administrator,4
REDACTED IP,windows-target-1,LogonFailed,hp,1
REDACTED IP,windows-target-1,LogonFailed,scan,1
REDACTED IP,windows-target-1,LogonFailed,administrator,6
REDACTED IP,windows-target-1,LogonFailed,user1,2
REDACTED IP,windows-target-1,LogonFailed,lennox,1
REDACTED IP,windows-target-1,LogonFailed,indigo,1
REDACTED IP,windows-target-1,LogonFailed,admin1,1
REDACTED IP,windows-target-1,LogonFailed,vendas,1
REDACTED IP,windows-target-1,LogonFailed,apple,1
REDACTED IP,windows-target-1,LogonFailed,marley,2
REDACTED IP,windows-target-1,LogonFailed,marley,1
REDACTED IP,windows-target-1,LogonFailed,kit,1
REDACTED IP,windows-target-1,LogonFailed,testftp,1
REDACTED IP,windows-target-1,LogonFailed,administrator,2
REDACTED IP,windows-target-1,LogonFailed,adm,1
REDACTED IP,windows-target-1,LogonFailed,admin,1
REDACTED IP,windows-target-1,LogonFailed,spicenpls,1
REDACTED IP,windows-target-1,LogonFailed,systadmin,2
REDACTED IP,windows-target-1,LogonFailed,store,1
REDACTED IP,windows-target-1,LogonFailed,carol,1
REDACTED IP,windows-target-1,LogonFailed,sysadmin,1
REDACTED IP,windows-target-1,LogonFailed,username,2
REDACTED IP,windows-target-1,LogonFailed,aspen,1
REDACTED IP,windows-target-1,LogonFailed,login,1
REDACTED IP,windows-target-1,LogonFailed,hostlab,1
REDACTED IP,windows-target-1,LogonFailed,birmingham,1
REDACTED IP,windows-target-1,LogonFailed,francesca,1
REDACTED IP,windows-target-1,LogonFailed,daniela,1
REDACTED IP,windows-target-1,LogonFailed,administrator,50
REDACTED IP,windows-target-1,LogonFailed,administrator,4
REDACTED IP,windows-target-1,LogonFailed,administrator,2
REDACTED IP,windows-target-1,LogonFailed,pc,1
REDACTED IP,windows-target-1,LogonFailed,user,2
REDACTED IP,windows-target-1,LogonFailed,administrator,3
REDACTED IP,windows-target-1,LogonFailed,administrator,4
REDACTED IP,windows-target-1,LogonFailed,administrator,1
REDACTED IP,windows-target-1,LogonFailed,admin1,2
REDACTED IP,windows-target-1,LogonFailed,user1,1
REDACTED IP,windows-target-1,LogonFailed,user1,2
REDACTED IP,windows-target-1,LogonFailed,adm,1
REDACTED IP,windows-target-1,LogonFailed,test1,1
REDACTED IP,windows-target-1,LogonFailed,antonio,1
REDACTED IP,windows-target-1,LogonFailed,administrator,8
REDACTED IP,windows-target-1,LogonFailed,accounting,2
REDACTED IP,windows-target-1,LogonFailed,windowsuser,1
REDACTED IP,windows-target-1,LogonFailed,administrator,2
REDACTED IP,windows-target-1,LogonFailed,charlie,2
REDACTED IP,windows-target-1,LogonFailed,joel,1
REDACTED IP,windows-target-1,LogonFailed,123,1
REDACTED IP,windows-target-1,LogonFailed,account,1
REDACTED IP,windows-target-1,LogonFailed,supervisor,2
REDACTED IP,windows-target-1,LogonFailed,named,1
REDACTED IP,windows-target-1,LogonFailed,ivan,1
REDACTED IP,windows-target-1,LogonFailed,administrator,4
REDACTED IP,windows-target-1,LogonFailed,laggmn,1
REDACTED IP,windows-target-1,LogonFailed,admin,3
REDACTED IP,windows-target-1,LogonFailed,school,1
REDACTED IP,windows-target-1,LogonFailed,0210233921,1
REDACTED IP,windows-target-1,LogonFailed,administrator,2
REDACTED IP,windows-target-1,LogonFailed,adminuser,2
REDACTED IP,windows-target-1,LogonFailed,spencer,1
REDACTED IP,windows-target-1,LogonFailed,administrator,6
REDACTED IP,windows-target-1,LogonFailed,oracle,1
REDACTED IP,windows-target-1,LogonFailed,research,2
REDACTED IP,windows-target-1,LogonFailed,admin123,1
REDACTED IP,windows-target-1,LogonFailed,usuario1,1
REDACTED IP,windows-target-1,LogonFailed,sqluser,1
REDACTED IP,windows-target-1,LogonFailed,backup,2
REDACTED IP,windows-target-1,LogonFailed,workstation,1
REDACTED IP,windows-target-1,LogonFailed,02sxcodlzxhd,1
REDACTED IP,windows-target-1,LogonFailed,leon,1
REDACTED IP,windows-target-1,LogonFailed,mysql,1
REDACTED IP,windows-target-1,LogonFailed,olive,1
REDACTED IP,windows-target-1,LogonFailed,admin1,1
REDACTED IP,windows-target-1,LogonFailed,webadmin,1
REDACTED IP,windows-target-1,LogonFailed,marcel,1
REDACTED IP,windows-target-1,LogonFailed,acpdemo,3
REDACTED IP,windows-target-1,LogonFailed,db2admin,1
REDACTED IP,windows-target-1,LogonFailed,uploader,1
REDACTED IP,windows-target-1,LogonFailed,paul,1
REDACTED IP,windows-target-1,LogonFailed,lara,1
REDACTED IP,windows-target-1,LogonFailed,04045904a,1
REDACTED IP,windows-target-1,LogonFailed,administrator,4
REDACTED IP,windows-target-1,LogonFailed,azureadmin,1
REDACTED IP,windows-target-1,LogonFailed,fax,2
REDACTED IP,windows-target-1,LogonFailed,administrator,1
REDACTED IP,windows-target-1,LogonFailed,johnny,15
REDACTED IP,windows-target-1,LogonFailed,tally,1
REDACTED IP,windows-target-1,LogonFailed,administrator,2
REDACTED IP,windows-target-1,LogonFailed,administrator,2
REDACTED IP,windows-target-1,LogonFailed,administrator,3
REDACTED IP,windows-target-1,LogonFailed,user2,1
REDACTED IP,windows-target-1,LogonFailed,administrator,1
REDACTED IP,windows-target-1,LogonFailed,?administrator,1
REDACTED IP,windows-target-1,LogonFailed,administrator,2
REDACTED IP,windows-target-1,LogonFailed,administrator,3
REDACTED IP,windows-target-1,LogonFailed,administrator,3
REDACTED IP,windows-target-1,LogonFailed,administrator,2
REDACTED IP,windows-target-1,LogonFailed,administrator,1
REDACTED IP,windows-target-1,LogonFailed,administrator,3
REDACTED IP,windows-target-1,LogonFailed,admin,4
REDACTED IP,windows-target-1,LogonFailed,administrator,3
REDACTED IP,windows-target-1,LogonFailed,administrador,2
REDACTED IP,windows-target-1,LogonFailed,cctvbackup,1
REDACTED IP,windows-target-1,LogonFailed,user,1
REDACTED IP,windows-target-1,LogonFailed,hoyu,1
REDACTED IP,windows-target-1,LogonFailed,administrateur,1
REDACTED IP,windows-target-1,LogonFailed,lidertics,1
REDACTED IP,windows-target-1,LogonFailed,administrator,1
REDACTED IP,windows-target-1,LogonFailed,administrator,18
REDACTED IP,windows-target-1,LogonFailed,administrator,4
REDACTED IP,windows-target-1,LogonFailed,account,1
REDACTED IP,windows-target-1,LogonFailed,administrator,8
REDACTED IP,windows-target-1,LogonFailed,shop,1
REDACTED IP,windows-target-1,LogonFailed,administrator,5
REDACTED IP,windows-target-1,LogonFailed,administrator,8
REDACTED IP,windows-target-1,LogonFailed,test,1
REDACTED IP,windows-target-1,LogonFailed,administrator,14
REDACTED IP,windows-target-1,LogonFailed,services,1
REDACTED IP,windows-target-1,LogonFailed,laboratory,2
REDACTED IP,windows-target-1,LogonFailed,support,1
REDACTED IP,windows-target-1,LogonFailed,administrator,1
REDACTED IP,windows-target-1,LogonFailed,administrator,2
REDACTED IP,windows-target-1,LogonFailed,administrator,2
REDACTED IP,windows-target-1,LogonFailed,computer ,1
REDACTED IP,windows-target-1,LogonFailed,username,1
REDACTED IP,windows-target-1,LogonFailed,guard,1
REDACTED IP,windows-target-1,LogonFailed,rafael,1
REDACTED IP,windows-target-1,LogonFailed,postmaster,1
REDACTED IP,windows-target-1,LogonFailed,administrator,6
REDACTED IP,windows-target-1,LogonFailed,administrator,26
REDACTED IP,windows-target-1,LogonFailed,administrator,14
REDACTED IP,windows-target-1,LogonFailed,user4,3
REDACTED IP,windows-target-1,LogonFailed,admin,1
REDACTED IP,windows-target-1,LogonFailed,administrator,10
REDACTED IP,windows-target-1,LogonFailed,windows,1
REDACTED IP,windows-target-1,LogonFailed,administrator,11
REDACTED IP,windows-target-1,LogonFailed,user2,2
REDACTED IP,windows-target-1,LogonFailed,administrator,1
REDACTED IP,windows-target-1,LogonFailed,administrator,4
REDACTED IP,windows-target-1,LogonFailed,scan,1
REDACTED IP,windows-target-1,LogonFailed,administrator,40
REDACTED IP,windows-target-1,LogonFailed,scan,8
REDACTED IP,windows-target-1,LogonFailed,office,1
REDACTED IP,windows-target-1,LogonFailed,computer ,1
REDACTED IP,windows-target-1,LogonFailed,administrator,7
REDACTED IP,windows-target-1,LogonFailed,system ,2
REDACTED IP,windows-target-1,LogonFailed,username,1
REDACTED IP,windows-target-1,LogonFailed,office,2
REDACTED IP,windows-target-1,LogonFailed,office,10
REDACTED IP,windows-target-1,LogonFailed,remote1,1
REDACTED IP,windows-target-1,LogonFailed,,1
REDACTED IP,windows-target-1,LogonFailed,administrator,4
REDACTED IP,windows-target-1,LogonFailed,administrator,1
REDACTED IP,windows-target-1,LogonFailed,storage,1
REDACTED IP,windows-target-1,LogonFailed,admin1,1
REDACTED IP,windows-target-1,LogonFailed,administrator,1
REDACTED IP,windows-target-1,LogonFailed,administrator,1
REDACTED IP,windows-target-1,LogonFailed,user1,1
REDACTED IP,windows-target-1,LogonFailed,administrator,22
REDACTED IP,windows-target-1,LogonFailed,administrator,2
REDACTED IP,windows-target-1,LogonFailed,administrator,2
REDACTED IP,windows-target-1,LogonFailed,guest,2
REDACTED IP,windows-target-1,LogonFailed,administrator,1
REDACTED IP,windows-target-1,LogonFailed,administrator,3
REDACTED IP,windows-target-1,LogonFailed,administrator,1
REDACTED IP,windows-target-1,LogonFailed,administrator,1
REDACTED IP,windows-target-1,LogonFailed,khedma,1
REDACTED IP,windows-target-1,LogonFailed,user3,2
REDACTED IP,windows-target-1,LogonFailed,digital,1
REDACTED IP,windows-target-1,LogonFailed,administrateur,12
REDACTED IP,windows-target-1,LogonFailed,administrateur,16
REDACTED IP,windows-target-1,LogonFailed,user1,1
REDACTED IP,windows-target-1,LogonFailed,home,1
REDACTED IP,windows-target-1,LogonFailed,admin,2
REDACTED IP,windows-target-1,LogonFailed,administrator,2
REDACTED IP,windows-target-1,LogonFailed,administrator,10
REDACTED IP,windows-target-1,LogonFailed,sqlserver,2
REDACTED IP,windows-target-1,LogonFailed,administrator,15
REDACTED IP,windows-target-1,LogonFailed,backup,1
REDACTED IP,windows-target-1,LogonFailed,2,1
REDACTED IP,windows-target-1,LogonFailed,vmadmin,1
REDACTED IP,windows-target-1,LogonFailed,administrator,14
REDACTED IP,windows-target-1,LogonFailed,administrator,7
REDACTED IP,windows-target-1,LogonFailed,jonn,1
REDACTED IP,windows-target-1,LogonFailed,adminuser,1
REDACTED IP,windows-target-1,LogonFailed,jack,2
REDACTED IP,windows-target-1,LogonFailed,administrador,1
REDACTED IP,windows-target-1,LogonFailed,ezra,1
REDACTED IP,windows-target-1,LogonFailed,administrator,1
REDACTED IP,windows-target-1,LogonFailed,user2,1
REDACTED IP,windows-target-1,LogonFailed,pc,1
REDACTED IP,windows-target-1,LogonFailed,administrator,14
REDACTED IP,windows-target-1,LogonFailed,administrador,15
REDACTED IP,windows-target-1,LogonFailed,user,1
REDACTED IP,windows-target-1,LogonFailed,oliver,1
REDACTED IP,windows-target-1,LogonFailed,support,1
REDACTED IP,windows-target-1,LogonFailed,test,1
REDACTED IP,windows-target-1,LogonFailed,benjamin,1
REDACTED IP,windows-target-1,LogonFailed,azureadmin,1
REDACTED IP,windows-target-1,LogonFailed,setup,2
REDACTED IP,windows-target-1,LogonFailed,vm2,1
REDACTED IP,windows-target-1,LogonFailed,system,1
REDACTED IP,windows-target-1,LogonFailed,administrator,1
REDACTED IP,windows-target-1,LogonFailed,vm,1
REDACTED IP,windows-target-1,LogonFailed,colledge,1
REDACTED IP,windows-target-1,LogonFailed,administrador,11
REDACTED IP,windows-target-1,LogonFailed,administrator,3
REDACTED IP,windows-target-1,LogonFailed,administrator,25
REDACTED IP,windows-target-1,LogonFailed,administrator,1
REDACTED IP,windows-target-1,LogonFailed,administrator,1
REDACTED IP,windows-target-1,LogonFailed,administrator,1
REDACTED IP,windows-target-1,LogonFailed,usuario,1
REDACTED IP,windows-target-1,LogonFailed,train,1
REDACTED IP,windows-target-1,LogonFailed,administrator,1
REDACTED IP,windows-target-1,LogonFailed,printer,1
REDACTED IP,windows-target-1,LogonFailed,administrator,30
REDACTED IP,windows-target-1,LogonFailed,vanessa,1
REDACTED IP,windows-target-1,LogonFailed,pc,1
REDACTED IP,windows-target-1,LogonFailed,trello,1
REDACTED IP,windows-target-1,LogonFailed,sol,1
REDACTED IP,windows-target-1,LogonFailed,test,2
REDACTED IP,windows-target-1,LogonFailed,user10,1
REDACTED IP,windows-target-1,LogonFailed,user01,3
REDACTED IP,windows-target-1,LogonFailed,share,2
REDACTED IP,windows-target-1,LogonFailed,user4,1
REDACTED IP,windows-target-1,LogonFailed,scan,2
REDACTED IP,windows-target-1,LogonFailed,user1,1
REDACTED IP,windows-target-1,LogonFailed,susana,1
REDACTED IP,windows-target-1,LogonFailed,user02,1
REDACTED IP,windows-target-1,LogonFailed,reception,1
REDACTED IP,windows-target-1,LogonFailed,ryan,1
REDACTED IP,windows-target-1,LogonFailed,training,1
REDACTED IP,windows-target-1,LogonFailed,testuser,1
REDACTED IP,windows-target-1,LogonFailed,madelyn,1
REDACTED IP,windows-target-1,LogonFailed,store,1
REDACTED IP,windows-target-1,LogonFailed,portaria,1
REDACTED IP,windows-target-1,LogonFailed,remoto1,1
REDACTED IP,windows-target-1,LogonFailed,student,2
REDACTED IP,windows-target-1,LogonFailed,robin,1
REDACTED IP,windows-target-1,LogonFailed,vincent,1
REDACTED IP,windows-target-1,LogonFailed,user,2
REDACTED IP,windows-target-1,LogonFailed,peter,1
REDACTED IP,windows-target-1,LogonFailed,shipping,1
REDACTED IP,windows-target-1,LogonFailed,linares,1
REDACTED IP,windows-target-1,LogonFailed,liliana,1
REDACTED IP,windows-target-1,LogonFailed,zabbix,1
REDACTED IP,windows-target-1,LogonFailed,administrator,1
REDACTED IP,windows-target-1,LogonFailed,lorenzo morales,1
REDACTED IP,windows-target-1,LogonFailed,andre,1
REDACTED IP,windows-target-1,LogonFailed,administrator,1
REDACTED IP,windows-target-1,LogonFailed,rm_administrator,1
REDACTED IP,windows-target-1,LogonFailed,windows,51
REDACTED IP,windows-target-1,LogonFailed,administrator,17
REDACTED IP,windows-target-1,LogonFailed,administrator,2
REDACTED IP,windows-target-1,LogonFailed,administrator,14
REDACTED IP,windows-target-1,LogonFailed,adminmax,1
REDACTED IP,windows-target-1,LogonFailed,administrator,13
REDACTED IP,windows-target-1,LogonFailed,microsoft,1
REDACTED IP,windows-target-1,LogonFailed,scan,1
REDACTED IP,windows-target-1,LogonFailed,administrator,1
REDACTED IP,windows-target-1,LogonFailed,administrator,4
REDACTED IP,windows-target-1,LogonFailed,test1,1
REDACTED IP,windows-target-1,LogonFailed,administrator,2
REDACTED IP,windows-target-1,LogonFailed,administrator,11
REDACTED IP,windows-target-1,LogonFailed,admin,7
REDACTED IP,windows-target-1,LogonFailed,administrador,3
REDACTED IP,windows-target-1,LogonFailed,conference,1
REDACTED IP,windows-target-1,LogonFailed,administrator,1
REDACTED IP,windows-target-1,LogonFailed,administrator,11
REDACTED IP,windows-target-1,LogonFailed,boardroom,1
REDACTED IP,windows-target-1,LogonFailed,admin,12
REDACTED IP,windows-target-1,LogonFailed,admin,12
REDACTED IP,windows-target-1,LogonFailed,admin,14
REDACTED IP,windows-target-1,LogonFailed,administrator,64
REDACTED IP,windows-target-1,LogonFailed,shop,1
REDACTED IP,windows-target-1,LogonFailed,arun,1
REDACTED IP,windows-target-1,LogonFailed,student,1
REDACTED IP,windows-target-1,LogonFailed,pos,1
REDACTED IP,windows-target-1,LogonFailed,erico,1
REDACTED IP,windows-target-1,LogonFailed,shipping,1
REDACTED IP,windows-target-1,LogonFailed,cassa1,1
REDACTED IP,windows-target-1,LogonFailed,charly,1
REDACTED IP,windows-target-1,LogonFailed,daniel,1
REDACTED IP,windows-target-1,LogonFailed,user,2
REDACTED IP,windows-target-1,LogonFailed,pri,1
REDACTED IP,windows-target-1,LogonFailed,peter,1
REDACTED IP,windows-target-1,LogonFailed,administrator,10
REDACTED IP,windows-target-1,LogonFailed,media,1
REDACTED IP,windows-target-1,LogonFailed,sitecafe,1
REDACTED IP,windows-target-1,LogonFailed,laptop,1
REDACTED IP,windows-target-1,LogonFailed,libertyfence,1
REDACTED IP,windows-target-1,LogonFailed,suporte,1
REDACTED IP,windows-target-1,LogonFailed,testerp,1
REDACTED IP,windows-target-1,LogonFailed,exchange,1
REDACTED IP,windows-target-1,LogonFailed,admin,2
REDACTED IP,windows-target-1,LogonFailed,administrator,2
REDACTED IP,windows-target-1,LogonFailed,username,1
REDACTED IP,windows-target-1,LogonFailed,admin,1
REDACTED IP,windows-target-1,LogonFailed,game,1
REDACTED IP,windows-target-1,LogonFailed,stephan,1
REDACTED IP,windows-target-1,LogonFailed,ron,1
REDACTED IP,windows-target-1,LogonFailed,rbell,1
REDACTED IP,windows-target-1,LogonFailed,allen,1
REDACTED IP,windows-target-1,LogonFailed,dessinateur,1
REDACTED IP,windows-target-1,LogonFailed,administrator,21
REDACTED IP,windows-target-1,LogonFailed,secretaria,1
REDACTED IP,windows-target-1,LogonFailed,ame,1
REDACTED IP,windows-target-1,LogonFailed,sqluser,1
REDACTED IP,windows-target-1,LogonFailed,test,1
REDACTED IP,windows-target-1,LogonFailed,cyber,1
REDACTED IP,windows-target-1,LogonFailed,aiden,1
REDACTED IP,windows-target-1,LogonFailed,saul,1
REDACTED IP,windows-target-1,LogonFailed,cindy,1
REDACTED IP,windows-target-1,LogonFailed,direction,1
REDACTED IP,windows-target-1,LogonFailed,oscar,1
REDACTED IP,windows-target-1,LogonFailed,brungilda,1
REDACTED IP,windows-target-1,LogonFailed,krbrtgt,1
REDACTED IP,windows-target-1,LogonFailed,sales,1
REDACTED IP,windows-target-1,LogonFailed,administrator,1
REDACTED IP,windows-target-1,LogonFailed,man,1
REDACTED IP,windows-target-1,LogonFailed,pannelli,1
REDACTED IP,windows-target-1,LogonFailed,news,1
REDACTED IP,windows-target-1,LogonFailed,print,1
REDACTED IP,windows-target-1,LogonFailed,craig,1
REDACTED IP,windows-target-1,LogonFailed,edward,1
REDACTED IP,windows-target-1,LogonFailed,valerie,1
REDACTED IP,windows-target-1,LogonFailed,martina,1
REDACTED IP,windows-target-1,LogonFailed,colo,1
REDACTED IP,windows-target-1,LogonFailed,administrator,1
REDACTED IP,windows-target-1,LogonFailed,ospite,1
REDACTED IP,windows-target-1,LogonFailed,systema,1
REDACTED IP,windows-target-1,LogonFailed,infonet,1
REDACTED IP,windows-target-1,LogonFailed,aaa,1
REDACTED IP,windows-target-1,LogonFailed,defaultaccount,1
REDACTED IP,windows-target-1,LogonFailed,kassa,1
REDACTED IP,windows-target-1,LogonFailed,adrian,1
REDACTED IP,windows-target-1,LogonFailed,emmanuel,1
REDACTED IP,windows-target-1,LogonFailed,lucy,1
REDACTED IP,windows-target-1,LogonFailed,system1,1
REDACTED IP,windows-target-1,LogonFailed,temp1,1
REDACTED IP,windows-target-1,LogonFailed,lenovo,1
REDACTED IP,windows-target-1,LogonFailed,rights,1
REDACTED IP,windows-target-1,LogonFailed,seohae,1
REDACTED IP,windows-target-1,LogonFailed,net,1
REDACTED IP,windows-target-1,LogonFailed,asdmin2,1
REDACTED IP,windows-target-1,LogonFailed,sys,1
REDACTED IP,windows-target-1,LogonFailed,it-service,1
REDACTED IP,windows-target-1,LogonFailed,shiva,1
REDACTED IP,windows-target-1,LogonFailed,toor,1
REDACTED IP,windows-target-1,LogonFailed,123,1
REDACTED IP,windows-target-1,LogonFailed,moeclub,1
REDACTED IP,windows-target-1,LogonFailed,dev03,1
REDACTED IP,windows-target-1,LogonFailed,sara,1
REDACTED IP,windows-target-1,LogonFailed,michelle,1
REDACTED IP,windows-target-1,LogonFailed,sonicwall,1
REDACTED IP,windows-target-1,LogonFailed,sql,1
REDACTED IP,windows-target-1,LogonFailed,acer,1
REDACTED IP,windows-target-1,LogonFailed,systemadmin,1
REDACTED IP,windows-target-1,LogonFailed,crmadmin,1
REDACTED IP,windows-target-1,LogonFailed,niglas,1
REDACTED IP,windows-target-1,LogonFailed,admin,1
REDACTED IP,windows-target-1,LogonFailed,m10,1
REDACTED IP,windows-target-1,LogonFailed,registro,1
REDACTED IP,windows-target-1,LogonFailed,kt03,1
REDACTED IP,windows-target-1,LogonFailed,administrator,1
REDACTED IP,windows-target-1,LogonFailed,administrator,1
REDACTED IP,windows-target-1,LogonFailed,micros,1
REDACTED IP,windows-target-1,LogonFailed,82064,1
REDACTED IP,windows-target-1,LogonFailed,op1,1
REDACTED IP,windows-target-1,LogonFailed,lorena,1
REDACTED IP,windows-target-1,LogonFailed,mohammadi,1
REDACTED IP,windows-target-1,LogonFailed,ceo,1
REDACTED IP,windows-target-1,LogonFailed,queshift,1
REDACTED IP,windows-target-1,LogonFailed,jairo.henn,1
REDACTED IP,windows-target-1,LogonFailed,admn,1
REDACTED IP,windows-target-1,LogonFailed,administrator,29
REDACTED IP,windows-target-1,LogonFailed,entersoftz,1
REDACTED IP,windows-target-1,LogonFailed,user,1
REDACTED IP,windows-target-1,LogonFailed,administrator,1
REDACTED IP,windows-target-1,LogonFailed,lola,1
REDACTED IP,windows-target-1,LogonFailed,medifaire,1
REDACTED IP,windows-target-1,LogonFailed,administrator,2
REDACTED IP,windows-target-1,LogonFailed,attentioi,1
REDACTED IP,windows-target-1,LogonFailed,administrator,2
REDACTED IP,windows-target-1,LogonFailed,jmlaunay,1
REDACTED IP,windows-target-1,LogonFailed,administrator,2
REDACTED IP,windows-target-1,LogonFailed,designer,1
REDACTED IP,windows-target-1,LogonFailed,admin,3
REDACTED IP,windows-target-1,LogonFailed,123ttr1,1
REDACTED IP,windows-target-1,LogonFailed,admin,2
REDACTED IP,windows-target-1,LogonFailed,operator,1
REDACTED IP,windows-target-1,LogonFailed,barman,1
REDACTED IP,windows-target-1,LogonFailed,ajay,1
REDACTED IP,windows-target-1,LogonFailed,jonah,1
REDACTED IP,windows-target-1,LogonFailed,un_adm,1
REDACTED IP,windows-target-1,LogonFailed,vetal_1,1
REDACTED IP,windows-target-1,LogonFailed,guvue42a,1
REDACTED IP,windows-target-1,LogonFailed,administrator,2
REDACTED IP,windows-target-1,LogonFailed,huttova,1
REDACTED IP,windows-target-1,LogonFailed,admin,10
REDACTED IP,windows-target-1,LogonFailed,polak,1
REDACTED IP,windows-target-1,LogonFailed,mangtha,1
REDACTED IP,windows-target-1,LogonFailed,test,1
REDACTED IP,windows-target-1,LogonFailed,administrator,7
REDACTED IP,windows-target-1,LogonFailed,salisbury,1
REDACTED IP,windows-target-1,LogonFailed,administrator,18
REDACTED IP,windows-target-1,LogonFailed,admin,25
REDACTED IP,windows-target-1,LogonFailed,admin,15
REDACTED IP,windows-target-1,LogonFailed,administrator,8
REDACTED IP,windows-target-1,LogonFailed,administrator,16
REDACTED IP,windows-target-1,LogonFailed,jobs,1
REDACTED IP,windows-target-1,LogonFailed,administrator,3
REDACTED IP,windows-target-1,LogonFailed,theodore,1
REDACTED IP,windows-target-1,LogonFailed,administrator,1
REDACTED IP,windows-target-1,LogonFailed,harvey,1
REDACTED IP,windows-target-1,LogonFailed,administrator,1
REDACTED IP,windows-target-1,LogonFailed,admin,1
REDACTED IP,windows-target-1,LogonFailed,administrator,10
REDACTED IP,windows-target-1,LogonFailed,administrator,6
REDACTED IP,windows-target-1,LogonFailed,user1,1
REDACTED IP,windows-target-1,LogonFailed,administrator,1
REDACTED IP,windows-target-1,LogonFailed,user,1
REDACTED IP,windows-target-1,LogonFailed,edith,1
REDACTED IP,windows-target-1,LogonFailed,scanner,1
REDACTED IP,windows-target-1,LogonFailed,asp.net,1
REDACTED IP,windows-target-1,LogonFailed,beatrice,1
REDACTED IP,windows-target-1,LogonFailed,administrator,1
REDACTED IP,windows-target-1,LogonFailed,network,1
REDACTED IP,windows-target-1,LogonFailed,administrator,1
REDACTED IP,windows-target-1,LogonFailed,user,1
REDACTED IP,windows-target-1,LogonFailed,administrator,1
REDACTED IP,windows-target-1,LogonFailed,administrator,1
REDACTED IP,windows-target-1,LogonFailed,4gidcs,1
REDACTED IP,windows-target-1,LogonFailed,guest,1
REDACTED IP,windows-target-1,LogonFailed,manager,1
REDACTED IP,windows-target-1,LogonFailed,administrator,8
REDACTED IP,windows-target-1,LogonFailed,mcmlocaladmin,1
REDACTED IP,windows-target-1,LogonFailed,administrador,1
REDACTED IP,windows-target-1,LogonFailed,kian,2
REDACTED IP,windows-target-1,LogonFailed,leo,1
REDACTED IP,windows-target-1,LogonFailed,imogen,1
REDACTED IP,windows-target-1,LogonFailed,robert.reyes,1
REDACTED IP,windows-target-1,LogonFailed,administrator,2
REDACTED IP,windows-target-1,LogonFailed,doctor,1
REDACTED IP,windows-target-1,LogonFailed,administrator,2
REDACTED IP,windows-target-1,LogonFailed,mail,1
REDACTED IP,windows-target-1,LogonFailed,admin,3
REDACTED IP,windows-target-1,LogonFailed,admin,2
REDACTED IP,windows-target-1,LogonFailed,administrator,18
REDACTED IP,windows-target-1,LogonFailed,remote,1
REDACTED IP,windows-target-1,LogonFailed,client,1
REDACTED IP,windows-target-1,LogonFailed,john,1
REDACTED IP,windows-target-1,LogonFailed,teste,1
REDACTED IP,windows-target-1,LogonFailed,brock,1
REDACTED IP,windows-target-1,LogonFailed,test,1
REDACTED IP,windows-target-1,LogonFailed,admins,1
REDACTED IP,windows-target-1,LogonFailed,administrator,1
REDACTED IP,windows-target-1,LogonFailed,scanner,1
REDACTED IP,windows-target-1,LogonFailed,director,1
REDACTED IP,windows-target-1,LogonFailed,windowsuser,31
REDACTED IP,windows-target-1,LogonFailed,administrator,1
REDACTED IP,windows-target-1,LogonFailed,reception,1
REDACTED IP,windows-target-1,LogonFailed,targetuser,20
REDACTED IP,windows-target-1,LogonFailed,server,1
REDACTED IP,windows-target-1,LogonFailed,administrator,1
REDACTED IP,windows-target-1,LogonFailed,admin,2
REDACTED IP,windows-target-1,LogonFailed,user4,1
REDACTED IP,windows-target-1,LogonFailed,cloud,1
REDACTED IP,windows-target-1,LogonFailed,administrator,40
REDACTED IP,windows-target-1,LogonFailed,administrator,5
REDACTED IP,windows-target-1,LogonFailed,ultra,1
REDACTED IP,windows-target-1,LogonFailed,admin,4
REDACTED IP,windows-target-1,LogonFailed,hoar,1
REDACTED IP,windows-target-1,LogonFailed,administrador,5
REDACTED IP,windows-target-1,LogonFailed,user,5
REDACTED IP,windows-target-1,LogonFailed,test,4
REDACTED IP,windows-target-1,LogonFailed,mary,1
REDACTED IP,windows-target-1,LogonFailed,administrator,7
REDACTED IP,windows-target-1,LogonFailed,admin,1
REDACTED IP,windows-target-1,LogonFailed,administrator,1
REDACTED IP,windows-target-1,LogonFailed,sistemas,1
REDACTED IP,windows-target-1,LogonFailed,admin,1
REDACTED IP,windows-target-1,LogonFailed,administrator,2
REDACTED IP,windows-target-1,LogonFailed,supervisoressh,1
REDACTED IP,windows-target-1,LogonFailed,stiis,1
REDACTED IP,windows-target-1,LogonFailed,teste1,1
